names,calls,total,self
registerSemanticProbabilityCloud>linearize,163,0.406074,0.255142
aggregatePlanarCellMoments,63,0.095339,0.095339
buildCurbEnergyMaps>boxSumMap,210,0.074316,0.074316
buildCurbEnergyMaps>applyLocalLinearityEnergyGate,21,0.251578,0.066661
perceiveFrame>buildGroundXYView,21,0.068403,0.06433
buildCurbEnergyMaps>shiftMap,420,0.05667,0.05667
sub2ind,9972,0.050633,0.050633
refineCurbCellsByRoadAdjacency>completeBoundaryEvidenceRuns,42,0.050536,0.050004
mappingSupport>mappingSupport.validateSemanticProbabilityCloud,84,0.051391,0.048874
refineCurbCellsByRoadAdjacency>recoverRoadFacingShoulderCurbCells,42,0.043895,0.04335
buildCurbEnergyMaps>maxNeighborAbsDiffMap,21,0.066815,0.042613
detectPoleCandidates>buildSplitLayerPoleCandidates,21,0.039847,0.039847
perceptionKernelsMex,126,0.038792,0.038792
buildCurbEnergyMaps>smoothStepMap,483,0.038193,0.038193
analyzeStructuralPillars>buildSparseColumnMaps,21,0.143999,0.037232
analyzeStructuralPillars>accumulateSparseOccupancy,21,0.038248,0.036015
buildCurbEnergyMaps>computeDirectionalLinearityMap,21,0.069985,0.035619
segmentGround>bridgeSlopeGridSmoothComponentsDistanceTransform,21,0.079848,0.034674
buildCurbEnergyMaps>buildGroundFeatureEnergyMaps,21,0.505344,0.031413
buildCoarseSemanticProbabilityCloud>aggregateComponents,84,0.045596,0.031175
refineCurbCellsByRoadAdjacency>removeRoadFacingDuplicateCurbCells,21,0.029682,0.029367
median,3585,0.037688,0.028387
images/private/labelBinaryRuns,252,0.028268,0.028268
ismember,15647,0.118075,0.027947
segmentGround>labelSlopeGridGroundPoints,21,0.027597,0.027597
ismember>ismemberClassTypes,15446,0.057848,0.027465
bwdist,84,0.031781,0.027464
unique,2531,0.046212,0.0271
ismember>ismemberR2012a,15647,0.090128,0.027031
buildCurbEnergyMaps>buildGroundCellStats,21,0.026886,0.026886
refineCurbCellsByRoadAdjacency,21,0.40906,0.02626
sortrows,147,0.025442,0.025129
refineCurbCellsByRoadAdjacency>keepSameColumnFeaturePeakCurbCells,21,0.025366,0.024297
refineCurbCellsByRoadAdjacency>completeDominantBoundaryContinuation,21,0.05017,0.024232
refineCurbCellsByRoadAdjacency>extendDominantBoundaryRunOneDirection,606,0.023478,0.023478
detectPoleCandidates>computePoleCandidateContextRatio,9723,0.038585,0.022652
refineCurbCellsByRoadAdjacency>completeProjectedCurbBoundaryPaths,21,0.034292,0.021465
buildCurbEnergyMaps>computeCurvatureEnergyMap,21,0.041207,0.019873
refineCurbCellsByRoadAdjacency>completeWeakCurbBoundaryGaps,21,0.019863,0.01955
perceiveFrame>deriveOffGroundVoxelGrid,21,0.036033,0.01914
unique>uniqueR2012a,1628,0.017969,0.017969
extractRoadSurface,42,0.065177,0.01755
registerSemanticProbabilityCloud>registerGeometricProbabilityCloud,21,0.54095,0.0172020000000001
refineCurbCellsByRoadAdjacency>removeShadowedSameSideCurbCells,21,0.017683,0.017147
analyzeStructuralPillars,21,0.396236,0.0170529999999999
voxelizePointCloud>binPointsIntoGrid,21,0.028202,0.016805
segmentGround>fillSlopeGridHoles,21,0.031539,0.016662
perceiveFrame>buildBranchInputs,21,0.131925,0.016445
ind2sub,13494,0.016197,0.016197
refineCurbCellsByRoadAdjacency>keepRoadFacingBoundaryAnchors,21,0.031026,0.016031
buildCurbEnergyMaps>computeLineComponentSupportMaps,21,0.030355,0.015758
extractRoadSurface>buildCurbBoundedInteriorMask,42,0.024051,0.014962
buildCurbEnergyMaps>computeLocalMeanMap,21,0.014368,0.014368
voxelizePointCloud,21,0.082312,0.014326
segmentGround>promoteSlopeGridSmoothFlatComponents,21,0.143354,0.013507
segmentGround>canUseSlopeGridDistanceTransformBridge,21,0.013493,0.013493
buildCurbEnergyMaps>computeResidualSlopeEnergyMap,21,0.024507,0.013206
buildCurbEnergyMaps>resolveDirectionalLinearityKernels,21,0.016217,0.012945
analyzeGroundPillars,21,1.060496,0.012826
buildPerceptionCandidates,21,0.016722,0.012771
segmentGround>computeSlopeGridCellStats,21,0.026811,0.012493
segmentGround>extractGroundMaskSlopeGrid,21,0.277361,0.012413
perceiveFrame,21,2.118231,0.0118209999999999
refineCurbCellsByRoadAdjacency>removeShadowedSameSideCurbComponents,21,0.036215,0.011498
detectPoleCandidates>passesPoleCandidateContext,9147,0.047776,0.011352
table.table>table.table,184,0.075453,0.01121
voxelizePointCloud>filterPointAttributes,42,0.010928,0.010928
perceiveFrame>filterDerivedPointAttributes,42,0.010772,0.010772
registerSemanticProbabilityCloud>frozenCost,121,0.01295,0.010536
detectPoleCandidates>selectBestPassingFootprintOfSize,1119,0.030019,0.010404
voxelizePointCloud>buildPointKeepMask,21,0.010289,0.010289
detectPoleCandidates>filterPoleCandidatesByObjectLayerSupport,21,0.018463,0.010045
makeUniqueStrings,184,0.015633,0.009747
segmentGround>mapPointsToSlopeGridCells,21,0.012827,0.009733
voxelizePointCloud>resolvePointCloudInput,21,0.009674,0.009674
detectPoleCandidates>selectMinimalPoleSupportFootprint,1470,0.050021,0.009633
refineCurbCellsByRoadAdjacency>removeFartherSameSideOutlierComponents,21,0.013766,0.009223
ismember>ismemberBuiltinTypes,553,0.009111,0.009111
buildCoarseSemanticProbabilityCloud>concatenateComponents,21,0.0098,0.009054
analyzeGroundPillars>probabilityAboveThreshold,42,0.00902,0.00902
detectPoleCandidates>selectBestValidPoleFootprintSubset,507,0.010781,0.008884
registerSemanticProbabilityCloud>classDiagnostics,21,0.016006,0.008798
refineCurbCellsByRoadAdjacency>keepRoadConsistentPeakPromotionProtection,21,0.009188,0.008787
detectPoleCandidates>filterMinimalPoleCandidateFootprints,21,0.054757,0.008561
perceiveFrame>extractFrameScalar,42,0.008432,0.008432
checkInputName,7086,0.008129,0.008129
refineCurbCellsByRoadAdjacency>buildRoadAdjacencyBoundaryContinuation,21,0.015825,0.00803
detectPoleCandidates>buildPoleFootprintCandidates,21,0.115153,0.00791600000000001
buildCoarseSemanticProbabilityCloud>selectOffGroundColumns,42,0.011255,0.007672
intersect,238,0.041919,0.00764299999999999
images/private/bwconncomp_2d,252,0.035848,0.00758
buildCurbEnergyMaps>computeRelativeHeightEnergyMap,21,0.02161,0.007179
analyzeGroundPillars>aggregateCellMaximum,21,0.007126,0.007126
refineCurbCellsByRoadAdjacency>projectCurbAnchorsToRoadFacingEvidence,21,0.007045,0.007045
segmentGround>buildSlopeGridComponentMemberIndex,21,0.006833,0.006833
detectPoleCandidates>filterPoleCandidatesByContextContrast,21,0.012083,0.006789
groundSegmentation/private/groupedFiniteMedian,42,0.016513,0.006697
intersect>intersectR2012a,238,0.034276,0.00663900000000001
detectPoleCandidates>computePoleFootprintContextBounds,9723,0.006429,0.006429
buildCurbEnergyMaps>computeLocalMinimumMap,21,0.01189,0.006215
buildCoarseSemanticProbabilityCloud,21,0.091543,0.00603099999999999
interp1,309,0.010187,0.005991
segmentGround>propagateSlopeGridGround,21,0.01218,0.005962
voxelizePointCloud>resolveGridGeometry,21,0.005589,0.005589
buildCoarseSemanticProbabilityCloud>regularizeCovariances,81,0.005522,0.005522
bwconncomp,252,0.048747,0.00543800000000001
movmin,42,0.005675,0.005403
detectPoleCandidates,21,0.210469,0.005301
varNamesDim>varNamesDim.validateAndAssignLabels,184,0.017446,0.005284
buildCurbEnergyMaps>computeHeightStepFeatureMaps,21,0.072087,0.005272
buildCurbEnergyMaps>computeFullCellReliefEnergyMap,21,0.007071,0.005209
registerSemanticProbabilityCloud>normalGeometry,21,0.005207,0.005207
tabular.tabular>tabular.initInternals,184,0.034282,0.005203
detectPoleCandidates>filterPoleCandidateFootprints,21,0.012018,0.005172
extractRoadSurface>growRoadCellsFromSeeds,42,0.006612,0.005148
parseArgsTabularConstructors,184,0.00506,0.00506
groundFeatures/private/sampleCellMapAtPoints,21,0.004905,0.004905
buildCurbEnergyMaps>computeRoughnessEnergyMap,21,0.004835,0.004835
detectPoleCandidates>buildPoleCoreMask,21,0.004825,0.004825
segmentGround,21,0.292176,0.00450399999999995
extractRoadSurface>buildRoadSeedMask,42,0.004499,0.004499
prepareSemanticRegistration,21,0.063238,0.004467
varNamesDim>varNamesDim.makeValidName,184,0.008388,0.004435
bwconncomp>parseInputs,252,0.006767,0.004372
tabularDimension.tabularDimension>tabularDimension.createLike,368,0.027009,0.004288
buildCoarseSemanticProbabilityCloud>selectGroundCells,42,0.007637,0.00428
segmentGround>resolveSlopeGridParams,21,0.008901,0.004214
tabular.dotReference,259,0.00418,0.00418
registerSemanticProbabilityCloud>observableStep,238,0.004173,0.004173
segmentGround>buildSlopeGridSmoothFlatComponents,21,0.01316,0.004136
buildCoarseSemanticProbabilityCloud>useEmpiricalMoments,84,0.004099,0.004099
projectSemanticProbabilityCloud,42,0.023917,0.004028
buildCoarseSemanticProbabilityCloud>emptyComponents,105,0.004019,0.004019
tabular.tabular>tabular.countVarInputs,184,0.005201,0.004015
segmentGround>estimateSlopeGridSeedHeight,21,0.007549,0.003906
buildCoarseSemanticProbabilityCloud>summarizeLayers,21,0.004412,0.003856
voxelizePointCloud>resolveVoxelConfig,21,0.004906,0.00383
extractRoadSurface>growMaskByChebyshevRadius,42,0.003815,0.003815
pillarizePointCloud,21,0.089964,0.00378700000000001
buildFineColumnShapeScores,21,0.014184,0.003382
bwdist>parse_inputs,84,0.003359,0.003359
tabularDimension.tabularDimension>tabularDimension.setLabels,368,0.022721,0.00335
meshgrid,63,0.003089,0.003089
perceiveFrame>emptyDerivedVoxelGrid,21,0.004682,0.003055
detectPoleCandidates>selectPreferredMinimalPoleFootprint,576,0.033067,0.003048
offGroundFeatures/private/resolvePoleDetectionParams,21,0.003031,0.003031
repmat,109,0.003331,0.002905
buildCoarseSemanticProbabilityCloud>assignToGrid,81,0.00283,0.00283
buildCoarseSemanticProbabilityCloud>selectSemanticObservations,84,0.021696,0.002804
detectPoleCandidates>buildPoleSupportMask,21,0.002779,0.002779
resolveRoadReflectivityThreshold,21,0.006958,0.00266
buildCoarseSemanticProbabilityCloud>observationStruct,84,0.00265,0.00265
buildCurbEnergyMaps>countValidNeighbors,21,0.002614,0.002614
perception/private/buildMaskFromIndices,21,0.002612,0.002612
buildCoarseSemanticProbabilityCloud>validateConfig,21,0.002485,0.002485
localizeLidarFrame,21,2.664377,0.00226300000000013
groundFeatures/private/connectedComponents8,147,0.034439,0.00220499999999999
groundFeatures/private/resolveRoadSeedReferenceY,21,0.00246,0.002182
tabularDimension.tabularDimension>tabularDimension.checkDuplicateLabels,184,0.002176,0.002176
voxelizePointCloud>accumulateVoxelStatistics,21,0.00266,0.00215
makeUniqueStrings>processExcludes,184,0.002122,0.002122
validateLidarFrameCalibration,63,0.002096,0.002096
resolveRoadReflectivityThreshold>computeQuantile,21,0.002092,0.002092
varNamesDim>varNamesDim.createLike,184,0.023062,0.00207
iptcheckconn,252,0.002395,0.001934
rowNamesDim>rowNamesDim.validateAndAssignLabels,184,0.001925,0.001925
segmentGround>computeSlopeGridCellGeometry,21,0.003091,0.001873
validateVariableNameLength,368,0.001858,0.001858
perceiveCoarseProbabilityCloud,21,2.120069,0.00183799999999978
perceiveFrame>resolveCoarseProbabilityCloudConfig,21,0.006822,0.001765
ndgrid,21,0.001733,0.001733
extractRoadSurface>removeSmallRoadComponents,42,0.00865,0.001732
mean,81,0.002627,0.001721
metaDim>metaDim.checkAgainstVarLabels,184,0.01808,0.001698
interp1>parseinputs,309,0.002668,0.001637
isCharString,1451,0.001603,0.001603
prepareSemanticRegistration>validateRegistrationCalibration,21,0.002378,0.001549
buildCurbEnergyMaps>buildShiftSumKernel,84,0.001821,0.001506
extractRoadSurface>interpolateBoundaryRowsWithEndpointHold,84,0.007835,0.001405
varNamesDim>varNamesDim.checkReservedNames,184,0.001779,0.001353
registerSemanticProbabilityCloud>quality,42,0.001304,0.001304
registerSemanticProbabilityCloud>validateParameters,21,0.001842,0.001285
buildCurbEnergyMaps>boxWindowCountMap,21,0.001227,0.001227
segmentGround>readOptionalNonnegativeScalarConfig,357,0.001206,0.001206
median>permuteX,21,0.001172,0.001172
validatePerceptionFeatureNames,42,0.017564,0.001163
unique>convertFlag,903,0.001143,0.001143
repmat,109,0.004457,0.001126
makeUniqueStrings>reshapeAndTypecastOutputs,184,0.001124,0.001124
registerSemanticProbabilityCloud,21,0.542045,0.00109499999999996
interp1>reshapeAndSortXandV,309,0.001528,0.001079
varNamesDim>parseMode,184,0.001065,0.001065
buildCoarseSemanticProbabilityCloud>buildGeometry,21,0.001059,0.001059
tabular.dotListLength,259,0.001045,0.001045
tabularDimension.tabularDimension>tabularDimension.assignLabels,184,0.000874,0.000874
segmentGround>resolveSlopeGridXYCellSize,21,0.000835,0.000835
refineCurbCellsByRoadAdjacency>isSmallRoadAdjacentCurbComponentSupported,30,0.000824,0.000824
buildCurbEnergyMaps,21,0.506148,0.000804000000000027
segmentGround>readOptionalPositiveIntegerConfig,126,0.000803,0.000803
analyzeStructuralPillars>coordinateMaps,21,0.001438,0.0008
tabular.tabular>tabular.tabular,184,0.00162,0.000792
makeUniqueStrings>validateStringContents,184,0.001113,0.000791
perceptionNativeAvailable,21,0.000789,0.000789
detectPoleCandidates>isValidPoleFootprintShape,81,0.00075,0.00075
errorIfDlarray,84,0.000958,0.000745
isText,184,0.000724,0.000724
segmentGround>readOptionalTwoElementConfig,21,0.000707,0.000707
errorIfgpuArray,252,0.000694,0.000694
interp1>sanitycheckmethod,309,0.000622,0.000622
analyzeGroundPillars>configureFastRefinement,21,0.00062,0.00062
lidarFrameCalibrationConfig,42,0.000619,0.000619
makeUniqueStrings>getComputerMaxStringLength,184,0.000598,0.000598
voxelizePointCloud>readScalarConfig,42,0.000581,0.000581
segmentGround>readRequiredScalarConfig,21,0.000575,0.000575
segmentGround>readOptionalScalarConfig,42,0.000565,0.000565
struct2array,21,0.000557,0.000557
segmentGround>readOptionalNonnegativeIntegerConfig,21,0.000556,0.000556
fliplr,387,0.000532,0.000532
segmentGround>readOptionalLogicalConfig,21,0.000525,0.000525
firstNonSingletonDim,81,0.00052,0.00052
deal,21,0.00051,0.00051
OverridesPublicDotMethodCall.OverridesPublicDotMethodCall>OverridesPublicDotMethodCall.OverridesPublicDotMethodCall,184,0.000497,0.000497
voxelizePointCloud>readFiniteOrInfiniteScalarConfig,21,0.000495,0.000495
analyzeStructuralPillars>resolveTrafficThreshold,21,0.000486,0.000486
buildFineColumnShapeScores>resolveFineShapeScoreNeighborhoodRadius,21,0.000483,0.000483
buildFineColumnShapeScores>resolveFineShapeScoreSaturatedSeedCount,21,0.000533,0.00048
buildFineColumnShapeScores>resolveFineShapeScoreMinSeedCount,42,0.000468,0.000468
buildCoarseSemanticProbabilityCloud>normalizeMixtureWeights,21,0.000464,0.000464
stringToChar,504,0.000461,0.000461
makeUniqueStrings>mustBeValidExcludes,184,0.000454,0.000454
buildFineColumnShapeScores>resolveFineShapeScoreWeightPower,21,0.00045,0.00045
interp1>reshapeValuesV,309,0.000449,0.000449
offGroundFeatures/private/resolvePoleOccupiedLayerMinPoints,21,0.000449,0.000449
repmat>checkSizesType,218,0.000426,0.000426
tabularDimension.tabularDimension>tabularDimension.checkReservedNamesImpl,184,0.000426,0.000426
prepareSemanticRegistration>hasHeight,30,0.000425,0.000425
buildFineColumnShapeScores>resolveFineShapeScoreLinearityPower,21,0.000413,0.000413
interp1>isScalarTextArg,618,0.000409,0.000409
mean>mysize,81,0.000386,0.000386
makeUniqueStrings>mustBeValidMaxStrLen,184,0.00038,0.00038
RedefinesDotParen.RedefinesDotParen>RedefinesDotParen.RedefinesDotParen,184,0.000331,0.000331
segmentGround>readOptionalUnitIntervalConfig,21,0.000371,0.000325
sortrows>canCallBuiltinHelper,147,0.000313,0.000313
errorIf,84,0.000213,0.000213
deg2rad,63,0.000207,0.000207
buildFineColumnShapeScores>resolvePositiveScalar,42,0.000193,0.000193
buildCoarseSemanticProbabilityCloud>@(item)item.numComponents,84,0.000175,0.000175
isduration,42,0.000146,0.000146
istabular,42,0.000126,0.000126
