frame,source,class,component,meanZ,marginalHeightSdM,conditionalHeightSdM,conditionalSlopeNorm,xyAreaFactor,mixtureWeight
260,fixed,curb,1,243.155201326519,0.187079652802858,0.0986902599286159,0.394254004894544,0.515286712807917,0.0915113543293813
260,fixed,curb,2,243.258125042798,0.223552663271724,0.0929649871498152,0.917781010256841,0.301522594121356,0.0538093919711673
260,fixed,curb,3,243.680229229096,0.214923130546456,0.0580358160227976,0.553006642969424,0.665190893047553,0.118073562008272
260,fixed,curb,4,243.491594833445,0.29180008628329,0.105760919698737,0.56137554839281,0.834740348840781,0.147270649515487
260,fixed,curb,5,242.964305102908,0.241487156217286,0.130727691246049,0.57018375951778,0.304722968443406,0.0544056778258158
260,fixed,curb,6,243.16639964368,0.264930804546831,0.0960312199922891,1.09912967527404,0.271219221312969,0.0484180685490922
260,fixed,curb,7,242.822931983764,0.291732631092833,0.143111658674775,0.395540224089238,0.43756505159572,0.0781242241875076
260,fixed,curb,8,242.97979594011,0.334273982775403,0.114047020877919,0.839773208102508,0.393836665412384,0.0703019510559353
260,fixed,curb,9,242.61869748568,0.265122152278403,0.128251301082692,0.447608276178983,0.495560877404858,0.0884729739606702
260,fixed,curb,10,242.59782574848,0.303671354141078,0.137620123207625,0.172210983419108,0.647263293186695,0.115263955152324
260,fixed,curb,11,242.452287814449,0.265057130232654,0.121806949493247,0.101517442824992,0.760397876206259,0.134348191444348
260,coarse,curb,1,-1.80879475317547,0.031911652232456,0.0212027013861851,0.142947976521835,0.0172170839893937,0.0161489096225008
260,coarse,curb,2,-1.87968126328236,0.0151691480064387,0.0135679325254662,0.0678338103202532,0.01,0.0113989998149566
260,coarse,curb,3,-1.81877023975463,0.0352815904989092,0.0293675475360001,0.0870173730433706,0.0242158240194145,0.0107165975281254
260,coarse,curb,4,-2.04152809696631,0.0583418657738747,0.0179843813058371,0.254402184530087,0.0347853593840677,0.0204854184152855
260,coarse,curb,5,-1.92078657929456,0.0161127428460771,0.01332801892195,0.0905452338005442,0.01,0.0140912470416158
260,coarse,curb,6,-2.33443347136072,0.0174582138832407,0.014310978745737,0.0999925593892073,0.01,0.0219779490805507
260,coarse,curb,7,-2.20518721072694,0.0669728932385068,0.0312764612338852,0.396848036268521,0.0319187415038244,0.0200471833671807
260,coarse,curb,8,-2.41609337210523,0.0563380415543809,0.0178827018831154,0.129527382239874,0.044038287015948,0.0247973258217114
260,coarse,curb,9,-2.28747515567509,0.0665082661332919,0.0325168248829113,0.365906464574103,0.0384832531242346,0.0201395739729102
260,coarse,curb,10,-2.49584056687649,0.0292148780595993,0.017819612711623,0.102465250901446,0.0627152039608768,0.0231498719376004
260,coarse,curb,11,-2.60833248659687,0.0273520684489479,0.0236577665565682,0.0686570845478216,0.0405126783775877,0.0238410613336678
260,coarse,curb,12,-2.37035835725845,0.0629502252024912,0.0323520496946003,0.378359089388147,0.03358095929232,0.0193020032809282
260,coarse,curb,13,-2.56237667052933,0.0282587831450084,0.0164191160643757,0.11056106383246,0.044441413623642,0.0228084236691207
260,coarse,curb,14,-2.67394235348709,0.033847484146749,0.0257971721207746,0.0807744449587222,0.0513580281176791,0.0236027064055339
260,coarse,curb,15,-2.45667779325723,0.064471013877715,0.0302863890245805,0.372040185922925,0.0381703987804536,0.0191688823226394
260,coarse,curb,16,-2.63323606352517,0.0293898948152738,0.0144471490115866,0.123399572525604,0.0440124793774356,0.0226351313334282
260,coarse,curb,17,-2.74659047604998,0.0365779276244223,0.0305437107465633,0.083601740902897,0.049272928862572,0.0245639039299359
260,coarse,curb,18,-2.53119070324358,0.0649497359950946,0.03265741087409,0.380996794381568,0.0326208370813988,0.0194256287689645
260,coarse,curb,19,-2.70722194691034,0.0331191816475566,0.0143556229248673,0.143039034201338,0.0433788082542749,0.0222366551477593
260,coarse,curb,20,-2.82169128374549,0.0422082145638178,0.0349771499818836,0.102289951284696,0.047524069000797,0.0245412498250974
260,coarse,curb,21,-2.60628116297216,0.0656403282378657,0.0311926700839427,0.375654914200398,0.0358748558934957,0.0198613895321648
260,coarse,curb,22,-2.79607531565351,0.0307079033598101,0.0129189925683611,0.131254250754069,0.0433388816032509,0.0228348464505976
260,coarse,curb,23,-2.89861095993372,0.0411561289310227,0.0333618584289655,0.0985100086849644,0.0470644194699722,0.0241259082154157
260,coarse,curb,24,-2.68232637559156,0.0629079719547555,0.027570567108005,0.364294721400897,0.0401036973744467,0.0193633052102169
260,coarse,curb,25,-2.86446790064168,0.0320952827421197,0.0139496490831897,0.141483807760217,0.0453273225869063,0.0243477030010088
260,coarse,curb,26,-2.97747184040969,0.0473169811716482,0.0383198072322571,0.132241296244633,0.0609931215590935,0.0253777706968321
260,coarse,curb,27,-2.75624955149533,0.074200682424614,0.0326719392472445,0.330797778288325,0.05102291558913,0.0202717576551162
260,coarse,curb,28,-2.94465343951249,0.0366169150225233,0.0171462008588803,0.148229366093708,0.0380762548071074,0.024279410242437
260,coarse,curb,29,-3.05718464323018,0.0555182422328709,0.0459565442614399,0.255073731724039,0.0256279506377067,0.0244564112772332
260,coarse,curb,30,-2.81047501648266,0.091877085259484,0.0289723202129265,0.360910040745703,0.0602424913946355,0.0197409306201198
260,coarse,curb,31,-3.02542207103816,0.0259942830273415,0.0126088864845929,0.129568912969941,0.0205683534946464,0.0174124817851356
260,coarse,curb,32,-3.13282737884426,0.0415109061973046,0.0374042844024946,0.100391427090696,0.0411342428150526,0.0219280085684493
260,coarse,curb,33,-2.91164587096749,0.0745699909768804,0.0274956645879223,0.403051619217545,0.0349548120064477,0.0182683247933455
260,coarse,curb,34,-3.13950662267309,0.0376434573389646,0.0120643082988639,0.0986641252229576,0.0375252603391602,0.0192830496601994
260,coarse,curb,35,-3.20932605280968,0.0473715418493408,0.035155921814397,0.178836210134155,0.0354948473372569,0.0188788025942058
260,coarse,curb,36,-3.00127332886602,0.068030432947289,0.0313442683740144,0.356910585003398,0.0492334895570043,0.017871505858854
260,coarse,curb,37,-3.21695276543711,0.0232420734931181,0.013445373551207,0.144124668903837,0.0135532992385686,0.0140341023219627
260,coarse,curb,38,-3.30076808473133,0.054664013737445,0.0438664781143094,0.268240707062254,0.0318524742965269,0.0183761126284045
260,coarse,curb,39,-3.10206295809152,0.0663117850492715,0.0284136840202819,0.326710920859983,0.0291251343139594,0.0128448784455131
260,coarse,curb,40,-3.25620202185762,0.0512349546957103,0.0125676224663454,0.18090295048328,0.0284281042832968,0.0178945743544803
260,coarse,curb,41,-3.39650079848604,0.0488636829056106,0.0364418469226163,0.157660092498745,0.033330554089427,0.0172295129139158
260,coarse,curb,42,-3.15767943351969,0.0877586581989829,0.0293079196009186,0.326013408857392,0.0681439329813085,0.0164418641987197
260,coarse,curb,43,-2.96530645786913,0.050913467831345,0.0105678989364337,0.340965441016351,0.0146069423711442,0.00538578866905044
260,coarse,curb,44,-3.3427250578134,0.020643606714574,0.0123178039933252,0.165659350164133,0.01,0.00477223889285708
260,coarse,curb,45,-3.48428761681892,0.0549890172040354,0.0102741784486094,0.235384174570437,0.033306350333684,0.0118307103663895
260,coarse,curb,46,-3.20949503305471,0.0736316222986143,0.022258363896297,0.307263853639394,0.0634658684354206,0.014761002528728
260,coarse,curb,47,-3.4301504204176,0.0174709039755836,0.0102329259907152,0.037864841924539,0.0384892530288897,0.00694950213809056
260,coarse,curb,48,-3.44706534352354,0.0221683200761887,0.0101446648169195,0.166369662578208,0.011847662540419,0.00705530127884117
260,coarse,curb,49,-3.28736791330808,0.0647963011857608,0.0382163981255815,0.326838507275979,0.0298943096234213,0.0124818224871084
260,coarse,curb,50,-3.5187473084344,0.0164567558581251,0.011310741531671,0.119537416476041,0.01,0.00701639318754182
260,coarse,curb,51,-3.58183792622197,0.0455199780711807,0.0176169101609766,0.278088929745098,0.0151885784045403,0.00700489327011535
260,coarse,curb,52,-3.36610917596453,0.0665479931415812,0.0142505792920834,0.301644388238118,0.0417057319139195,0.0139258531107049
260,coarse,curb,53,-3.60508511471191,0.0260016171166213,0.0109098824002262,0.132154105798621,0.0179069965033839,0.00661720762168823
260,coarse,curb,54,-3.68749734802587,0.0311589026957033,0.0130389706087628,0.0993925371481664,0.0290037684360778,0.0065691276262051
260,coarse,curb,55,-3.49089695939087,0.0574976013182043,0.0201226345792446,0.33331307458404,0.0456739100770929,0.0106659576263498
260,coarse,curb,56,-3.67286434051204,0.0111003219564762,0.0107181330503798,0.0288769310207725,0.01,0.00467803687086156
260,coarse,curb,57,-3.54314624271694,0.0382366987192768,0.0102214003020769,0.211241762423202,0.0174421907131502,0.00478004767884404
260,coarse,curb,58,-3.75102843793575,0.0136531205462298,0.0115871626141629,0.0722117464148527,0.01,0.00481288127278274
260,coarse,curb,59,-3.78636021631419,0.0315625085471677,0.0101607512227932,0.179698235699219,0.0166291488345038,0.00472174890963031
260,coarse,curb,60,-3.62199498781338,0.0790893521144497,0.0153671756175972,0.449631321946436,0.0211567458719368,0.00655062599486963
260,coarse,curb,61,-3.81850254099555,0.01,0.01,0,0.01,0.00253599687908998
260,coarse,curb,62,-3.89734716622234,0.01,0.01,0,0.01,0.00260434282318405
260,coarse,curb,63,-3.76668595219483,0.0309354962852632,0.0103622132117501,0.188482279573495,0.015473157928683,0.00663814306241995
260,coarse,curb,64,-3.91848716576185,0.0197239904629534,0.0109581975093547,0.163998081430439,0.01,0.00488775286404066
260,coarse,curb,65,-4.16330298443236,0.01,0.01,0,0.01,0.00255325119676626
260,fine,curb,1,-1.79611739687935,0.0274016864605715,0.0221273041941993,0.118018359817749,0.0137024838126287,0.0216522440604585
260,fine,curb,2,-1.88117235877424,0.0162095744719612,0.0146222907149458,0.0699563569732346,0.01,0.0150928977410274
260,fine,curb,3,-1.84894903649138,0.023906816901419,0.0140316311198264,0.193558575752947,0.01,0.0196576191618919
260,fine,curb,4,-2.02833008562251,0.0473750909890121,0.0176922833098108,0.272988365157649,0.022411436110413,0.0266766685030557
260,fine,curb,5,-2.34275649869775,0.0100473213137199,0.010045863992339,0.00171120508873349,0.01,0.00756694443962762
260,fine,curb,6,-2.20290717535269,0.0669359904856255,0.0383569421693244,0.393903145861391,0.0251514919253472,0.0266930843602991
260,fine,curb,7,-2.39381975320864,0.0633167535688307,0.0110854795370628,0.126298130052437,0.049387050832276,0.0168738958700664
260,fine,curb,8,-2.29885557913989,0.0629684614148594,0.0400527181173713,0.394191947307393,0.0263201245538789,0.0266917497408017
260,fine,curb,9,-2.49327221779181,0.0201381926114481,0.0124254688499718,0.0689315774795552,0.0235133328761261,0.0265142467207295
260,fine,curb,10,-2.60232312104887,0.0352636100563616,0.0311887298669413,0.139549233732991,0.0208703430165442,0.0266601383936201
260,fine,curb,11,-2.37887339732365,0.0613445742136214,0.0372563278228302,0.406828870745193,0.0274396721317544,0.0266816126838646
260,fine,curb,12,-2.56719303627879,0.0232396117989858,0.011124663391826,0.0849503776739926,0.0240522983527976,0.0248393113151355
260,fine,curb,13,-2.67246218540917,0.0364867286564576,0.0294107318779585,0.156786142090172,0.0260066518076861,0.0266601383936201
260,fine,curb,14,-2.45543791439317,0.0572029673968348,0.0410674457543123,0.333529131150348,0.0240664988713602,0.0266466987167705
260,fine,curb,15,-2.63949982946834,0.0259891416898939,0.0124513242355613,0.0942935298146135,0.0242875788162578,0.0230814552531315
260,fine,curb,16,-2.74058284128209,0.0417986914990024,0.0335400713492114,0.182791752605356,0.0271253939148382,0.0266017652206693
260,fine,curb,17,-2.53284532347832,0.0615851508941535,0.0283771867676931,0.495095525924744,0.0270094835710188,0.0266539772490562
260,fine,curb,18,-2.72324698043591,0.033332287400442,0.0104745353952166,0.11085702543494,0.0285611763059678,0.0168738958700664
260,fine,curb,19,-2.81513561946714,0.0519982200595533,0.0369335474496976,0.25855088427506,0.0255105982279899,0.0264430904853677
260,fine,curb,20,-2.63007743544172,0.0551712435001682,0.0409121276646808,0.353686967138309,0.0235869833147082,0.0262802486437678
260,fine,curb,21,-2.80376341644798,0.0228889391038067,0.0106075131037451,0.10019419893012,0.0202452162284209,0.0150928977410274
260,fine,curb,22,-2.89007715241583,0.0496372317237422,0.0381697091629827,0.235347062556491,0.0245268191853395,0.0257418247101636
260,fine,curb,23,-2.69197104763687,0.0534162566346269,0.0325545486605005,0.421386225411471,0.0273717924931803,0.0262802486437678
260,fine,curb,24,-2.87930182605999,0.0294685317597069,0.0101578439370081,0.115716439337281,0.0239338166865847,0.0168738958700664
260,fine,curb,25,-2.97385715591483,0.0531488071000867,0.0381244551432579,0.233637152792104,0.0305907265283535,0.0251240568437747
260,fine,curb,26,-2.77370692183102,0.0591103423814464,0.0349255080266717,0.444937544567718,0.0255053202927012,0.025365088730012
260,fine,curb,27,-2.96642691987345,0.028965250799244,0.0114400909551209,0.0969084576972236,0.0284916259147008,0.0168738958700664
260,fine,curb,28,-3.05076020144392,0.0535348539025966,0.0444346129283527,0.271020842452761,0.0205991736939547,0.0216522440604585
260,fine,curb,29,-2.85070672212755,0.075072928142685,0.0305085822843708,0.407834349462521,0.0379043025294187,0.0258880179391349
260,fine,curb,30,-3.04822525962474,0.0143504784886081,0.0100095042164155,0.0435698589169151,0.0236018442502595,0.00756694443962762
260,fine,curb,31,-3.12038679719459,0.0517967508674949,0.0396651068083151,0.319700824315808,0.0217435662061244,0.0224262626566933
260,fine,curb,32,-2.89405655126168,0.0763418272576143,0.0311321166225705,0.42269654065556,0.0366779878966784,0.0236360638123001
260,fine,curb,33,-3.14048156755934,0.0300781929972641,0.0150440005304076,0.0920347272887789,0.0311752446629926,0.0105033139380512
260,fine,curb,34,-3.20739199144277,0.0571448393490345,0.039947058226936,0.248340777994624,0.0240671802593306,0.0196576191618919
260,fine,curb,35,-3.00244369849559,0.0736596244595849,0.033231862136712,0.457706199809583,0.0294008254922663,0.0196576191618919
260,fine,curb,36,-3.19912481224412,0.0281372476452365,0.0153890520451338,0.11051916570962,0.033516425759013,0.0150928977410274
260,fine,curb,37,-3.3085839983548,0.0585489173848715,0.0479615043160883,0.272278845164522,0.0321431447389721,0.0183814782383622
260,fine,curb,38,-3.04674251032766,0.0649042060859179,0.0223510318509148,0.327801763706337,0.047000068224888,0.0207378491320449
260,fine,curb,39,-3.28091733855741,0.0339655197469615,0.0124152036286519,0.171308453947366,0.018839497790319,0.0129888970559931
260,fine,curb,40,-3.3837062586774,0.0656096984199924,0.05980456586444,0.269823354906169,0.01,0.00756694443962762
260,fine,curb,41,-3.15674902092412,0.079065438156065,0.0375112647478727,0.427749169402322,0.031612513707666,0.0207378491320449
260,fine,curb,42,-3.3427250578134,0.020643606714574,0.0123178039933252,0.165659350164133,0.01,0.00756694443962762
260,fine,curb,43,-3.4495813762739,0.0796539695183578,0.0102544747556725,0.226936077640433,0.0348076618800839,0.00756694443962762
260,fine,curb,44,-3.24615334951295,0.0914507169879427,0.0326731691778318,0.409254304931998,0.0477467808594715,0.0150928977410274
260,fine,curb,45,-3.43350952984283,0.0193390247994596,0.0100079902373955,0.0399719043618574,0.0413992074171453,0.00756694443962762
260,fine,curb,46,-3.45886440177761,0.0164164032434564,0.0131467775417405,0.0983160900970707,0.01,0.00756694443962762
260,fine,curb,47,-3.29738598679058,0.0646461252858684,0.0432938631545869,0.331746965885103,0.0274057110527411,0.0168738958700664
260,fine,curb,48,-3.52794962058401,0.0101088858616684,0.0100799262001223,0.00764631391147159,0.01,0.00756694443962762
260,fine,curb,49,-3.56894747585941,0.0505926029549033,0.0106393066024721,0.362271443048382,0.0136530949019597,0.00756694443962762
260,fine,curb,50,-3.40176487306955,0.0431910073505061,0.0132704770486698,0.248622520112918,0.0253486009365121,0.0183814782383622
260,fine,curb,51,-3.60508511471191,0.0260016171166213,0.0109098824002828,0.1321541057983,0.017906996503402,0.0105033139380512
260,fine,curb,52,-3.68749734802587,0.0311589026957033,0.0130389706087425,0.0993925371482852,0.0290037684360704,0.0105033139380512
260,fine,curb,53,-3.51449736553189,0.0541781708094814,0.0197163914014353,0.342348335802653,0.0444050556638129,0.0129888970559931
260,fine,curb,54,-3.48727169244458,0.0214431774846715,0.010118875444649,0.154134458737565,0.0122655944867034,0.00756694443962762
260,fixed,roadMarking,1,243.083709787755,0.181387782300641,0.0997591874822971,0.243252607680119,0.191204589029289,0.202327399364316
260,fixed,roadMarking,2,242.83053204942,0.20984041788919,0.111682351563124,0.243498717188391,0.300250160538778,0.317737512067825
260,fixed,roadMarking,3,242.9424252517,0.217550047271778,0.111881365956426,0.212216345886619,0.290188705335549,0.307076507020822
260,fixed,roadMarking,4,242.602014097821,0.148056828563732,0.0682807981024242,1.6295004961933,0.0907215056754713,0.0897911717417605
260,fixed,roadMarking,5,242.695509753911,0.161554920245432,0.0636596061469403,1.07983780289011,0.094326440263779,0.0830674098052759
260,coarse,roadMarking,1,-2.46001750004089,0.0123206317791512,0.0117695447088505,0.03563194112841,0.0105907578357438,0.0732289194977474
260,coarse,roadMarking,2,-2.50662690393591,0.0260319790291841,0.0117612236343479,0.092467006707386,0.0254386452862077,0.0826851569141372
260,coarse,roadMarking,3,-2.58557663690993,0.0255385980231151,0.0113933081601884,0.093165657657924,0.0252676194849438,0.08717561638121
260,coarse,roadMarking,4,-2.6656183921541,0.0221229963712598,0.0114200536953068,0.0914923222143687,0.0214973881892664,0.0902650276264822
260,coarse,roadMarking,5,-2.74251832560034,0.0288166981077447,0.0120682223985659,0.0974934735822144,0.0268885713589437,0.0968849497667973
260,coarse,roadMarking,6,-2.83308413672619,0.0191011269037214,0.0106484211219601,0.0826506687501144,0.0196234929335321,0.0860477723882334
260,coarse,roadMarking,7,-3.0363200471328,0.0106541978797676,0.0105032825265598,0.0178689356944029,0.01,0.037040130191721
260,coarse,roadMarking,8,-2.90938704061111,0.0260706540335716,0.0108689880564475,0.10584221836801,0.0276541417084214,0.096867145221776
260,coarse,roadMarking,9,-3.101448282458,0.0228599935666245,0.0109179628582215,0.0825182966985479,0.0261444702362904,0.0574645498241875
260,coarse,roadMarking,10,-2.99267533039552,0.0240929131336108,0.0104244516480457,0.0802259420625449,0.0272419379833656,0.0919048872485526
260,coarse,roadMarking,11,-3.06193043414786,0.0125347483995583,0.0122083485434907,0.0226499127853294,0.0179991880428374,0.0838169013638848
260,coarse,roadMarking,12,-3.13601055237708,0.0110287808581548,0.0108020840329124,0.0222463205117155,0.01,0.058515486914877
260,coarse,roadMarking,13,-3.20541799262874,0.0148873142874652,0.0132194348201362,0.0505654221486411,0.0160486942381672,0.0581034566603938
260,fine,roadMarking,1,-2.45768398710995,0.0110865929303127,0.0106152716290888,0.0319821060018289,0.01,0.0650301419431037
260,fine,roadMarking,2,-2.50963870249427,0.0246363459887746,0.0105218628577522,0.0882188533140271,0.0253277908081783,0.118336189598249
260,fine,roadMarking,3,-2.59428950529024,0.0217441975594588,0.0111506631400285,0.0832939816182717,0.0228421999409606,0.122676208239209
260,fine,roadMarking,4,-2.66577757024573,0.0201794330459418,0.0104081115236109,0.0905847204325674,0.0192198300613926,0.108404008328688
260,fine,roadMarking,5,-2.74647359444495,0.0266437642246094,0.0119144242975128,0.0933505945148934,0.0255306225941488,0.108404008328688
260,fine,roadMarking,6,-2.83082577270611,0.0201569373465605,0.0104169878915499,0.0886127563533131,0.020100985927683,0.0844807560513592
260,fine,roadMarking,7,-3.036400636056,0.01,0.01,0,0.01,0.0205171937026953
260,fine,roadMarking,8,-2.90972552314497,0.027584254661516,0.011023077372575,0.10880734848577,0.0241403273461245,0.092028609805113
260,fine,roadMarking,9,-3.1062076979792,0.0249695280556929,0.0100352582647449,0.0839913789994377,0.0272220608286607,0.0378846232180676
260,fine,roadMarking,10,-2.99073655673226,0.0243399669457183,0.0102210839117066,0.0808368363096079,0.02737426309426,0.0844807560513592
260,fine,roadMarking,11,-3.06711584010014,0.012525675749296,0.0103066670800012,0.0711794680217004,0.01,0.0525858349111561
260,fine,roadMarking,12,-3.13819812555347,0.0104739408699886,0.010325909666725,0.0170750402844299,0.01028264853924,0.0525858349111561
260,fine,roadMarking,13,-3.19749287997275,0.0126403191304386,0.0116919944490283,0.0480363753037458,0.01,0.0525858349111561
260,fixed,pole,1,245.124716197544,0.908677459096,0.904413707264811,1.0747581996716,0.0400119998064902,1
260,coarse,pole,1,-0.812951723993922,1.19290862436257,0.619797598046634,9.35087406157254,0.010900569383296,1
260,fine,pole,1,-0.826522103210437,1.18877048053493,0.620836247541148,9.419408097756,0.0107626360432421,0.866913009698384
260,fine,pole,2,0.788353023554831,0.01,0.01,0,0.01,0.133086990301616
550,fixed,curb,1,248.91630851177,0.140041153598098,0.107192227111525,0.314146800463085,0.463493764898993,0.0744560877806562
550,fixed,curb,2,249.224448180755,0.213343404985105,0.116818742201747,0.8744834348317,0.353756426782247,0.0568118673193441
550,fixed,curb,3,249.327006529984,0.163346595242323,0.105509254697746,0.970135210612951,0.26335932079788,0.0423041761413372
550,fixed,curb,4,249.389649404605,0.125315121665824,0.0825683102507392,1.26826788876661,0.160422553908165,0.0257721395331177
550,fixed,curb,5,248.836144944451,0.165591274144375,0.129965871102062,0.322165094078169,0.336253206278778,0.0540131006359137
550,fixed,curb,6,249.075452124967,0.259016024290244,0.1300561222595,0.679838618608746,0.465120627181767,0.0746887537764306
550,fixed,curb,7,248.751685897733,0.203977761855014,0.136847015609277,0.167036275314881,0.549395211363421,0.0882158391295386
550,fixed,curb,8,248.908406698354,0.267351279222905,0.139076091590736,0.476141892555527,0.609461317348446,0.0978446499908114
550,fixed,curb,9,248.666947405059,0.227721668130651,0.133968732123692,0.176414138459499,0.854995135264873,0.137042821576541
550,fixed,curb,10,248.537075058728,0.209490693913739,0.121276074644246,0.11454662920439,0.96487768983701,0.15406384873174
550,fixed,curb,11,248.687519021951,0.180357318293594,0.12054687955806,0.33469873107851,0.566918639343806,0.0891518121901933
550,fixed,curb,12,248.785565443325,0.225949178610953,0.132508279375755,0.370969724294025,0.659301281072308,0.105634903194376
550,coarse,curb,1,-1.90641033663378,0.0562913712393531,0.0393448822822502,0.226629066581146,0.0250271309913353,0.0162310469558801
550,coarse,curb,2,-1.97531672721843,0.0568548012064347,0.0503240309727692,0.236726777996824,0.0258336222485958,0.0191605988525083
550,coarse,curb,3,-2.09858102275362,0.019824930328552,0.0124049781355149,0.0568546777789441,0.0399757454200416,0.0151645784293871
550,coarse,curb,4,-2.02238369368408,0.057632865920204,0.0493543634382586,0.254071527735246,0.0260289132893057,0.0188843429114092
550,coarse,curb,5,-2.29595443003535,0.0245023460992347,0.0199987100148468,0.141568556575515,0.01,0.0217533286503006
550,coarse,curb,6,-2.32991823388057,0.0186723493028779,0.0153777019649531,0.105916434402675,0.01,0.0169964450016565
550,coarse,curb,7,-2.14953818450405,0.0211952465911868,0.0116000255620986,0.0665693538568642,0.049651198375057,0.0154039374661798
550,coarse,curb,8,-2.06623323787996,0.0558155523008698,0.047128688191475,0.268081074318224,0.0258498232071695,0.01846743983769
550,coarse,curb,9,-2.31610426905447,0.030654730626286,0.0230131968497301,0.202510562817284,0.01,0.0215389164931982
550,coarse,curb,10,-2.39350203991589,0.0661777874115158,0.0414054087298125,0.219641124647712,0.0543140890126263,0.0218781115305779
550,coarse,curb,11,-2.49944059692198,0.0145384452670764,0.0128413508180118,0.068166047232127,0.01,0.0149275645723001
550,coarse,curb,12,-2.2001778615461,0.0144234043056378,0.0108422631082882,0.0452005621030744,0.038121603433845,0.0148900919225001
550,coarse,curb,13,-2.11223949112434,0.0537249587952723,0.0407570256657727,0.318065188769432,0.0246194820988996,0.0186711143637567
550,coarse,curb,14,-2.48961292413501,0.0636944006445362,0.0358626477123044,0.26698361179713,0.0463641122137118,0.0196861541316402
550,coarse,curb,15,-2.52957720275873,0.0204424522371024,0.0126776352868751,0.0726021790837217,0.0270239427849865,0.0155744747725249
550,coarse,curb,16,-2.2456133902539,0.0150786291281167,0.012087497706247,0.0349552571092792,0.0372318959060857,0.0148712760575661
550,coarse,curb,17,-2.15982129912451,0.0596295213767009,0.034838322980647,0.375449443957217,0.0356651779369871,0.0192321001263251
550,coarse,curb,18,-2.53286429448921,0.0685190057394154,0.0441814239079268,0.278980534868621,0.0577984422645011,0.0200109937673118
550,coarse,curb,19,-2.57563013146003,0.0152263048924739,0.0118978435773275,0.0724577764630737,0.0177320815036223,0.0151032533365397
550,coarse,curb,20,-2.29209423760683,0.0406998468254759,0.0272610513472916,0.0811342674099827,0.0735806235958941,0.0167629666488566
550,coarse,curb,21,-2.19447626334905,0.0671152366374072,0.0305121532297751,0.412629574374622,0.0419610665221942,0.0194701169472404
550,coarse,curb,22,-2.61041556603068,0.0652501923145948,0.0415484466762201,0.263701774355595,0.0532590574060116,0.019876013860226
550,coarse,curb,23,-2.61899071931904,0.0204964640570732,0.0112916235351341,0.0806236060427775,0.0249865029694843,0.0151682466196231
550,coarse,curb,24,-2.29540855490979,0.0618701641694096,0.044144347425719,0.38893938499209,0.0306799280621218,0.0189636000023504
550,coarse,curb,25,-2.16644146069555,0.0343875578998154,0.026745262149997,0.213272230636071,0.0124686294329309,0.0164088761369423
550,coarse,curb,26,-2.57469060657702,0.0121086863525657,0.0113674283672409,0.0417155336780642,0.01,0.0103284836157519
550,coarse,curb,27,-2.65943142239777,0.063788187025464,0.0363901649074484,0.248990581863564,0.0350643662065252,0.0192010689929776
550,coarse,curb,28,-2.67561117474655,0.0230542839634288,0.0128291637485928,0.0802726607141172,0.0268730411133627,0.0149753830873996
550,coarse,curb,29,-2.34298855894118,0.0526516140132382,0.0351743200476784,0.355049315000863,0.0329329898455403,0.0193663281534711
550,coarse,curb,30,-2.2237501960064,0.0311920199434089,0.0218322524953225,0.198284036525686,0.0270953376011206,0.0179369088418314
550,coarse,curb,31,-2.66096714989896,0.0120620409626917,0.011629393015303,0.0320156997132254,0.01,0.00860836611099491
550,coarse,curb,32,-2.70895202519414,0.0701110154722556,0.0495265817579856,0.23779198185655,0.0496722421234859,0.0198961089758256
550,coarse,curb,33,-2.71653411972262,0.013550465880815,0.0113172969005873,0.0648501459619648,0.0177789655334307,0.0128012076999688
550,coarse,curb,34,-2.41783645217503,0.0543341482519345,0.0411243209308242,0.157140060159499,0.0535359530684087,0.016314692193936
550,coarse,curb,35,-2.26233754716431,0.0313858803689654,0.0200227875648371,0.198592877525292,0.0256958900810993,0.0161895200805016
550,coarse,curb,36,-2.73047982775464,0.0665817371571876,0.0337380213466585,0.254062477638315,0.0521397612920497,0.0215014733676278
550,coarse,curb,37,-2.43026821619518,0.0667806110196644,0.036538478351254,0.384559361946666,0.0364806975298329,0.0181519160943684
550,coarse,curb,38,-2.30156130574448,0.0382965392192349,0.0223390485925599,0.224445638759038,0.0188981325373213,0.0131764730186707
550,coarse,curb,39,-2.72113093234386,0.0288241002605042,0.0165256345094907,0.0974984120548501,0.0281056671631018,0.0166994544334402
550,coarse,curb,40,-2.78132470011947,0.068056052878911,0.0394374611274126,0.222935765203835,0.060094702577895,0.0213401779069384
550,coarse,curb,41,-2.46853340909588,0.0553312012527996,0.0314535912084812,0.35855774227139,0.0236773436456222,0.0174980122160324
550,coarse,curb,42,-2.35812101191574,0.0159911517207134,0.0112287205355268,0.039065514281257,0.0303193368138851,0.00753490326514729
550,coarse,curb,43,-2.76450746066278,0.0300276609151368,0.0121113046726918,0.212532830541375,0.016371370393434,0.0128915923825225
550,coarse,curb,44,-2.84654935460686,0.0514936305481138,0.0327918992196418,0.229574024790715,0.0448942959013728,0.0197531465425901
550,coarse,curb,45,-2.48040949730259,0.0762506742001637,0.0296633134411131,0.400589028683926,0.0501010867333421,0.0184364330151833
550,coarse,curb,46,-2.80780978727011,0.0209760163038345,0.0154874475418639,0.0889212335270243,0.0379516468568028,0.0135879499075613
550,coarse,curb,47,-2.90810134338489,0.0697492910366932,0.0352840226071621,0.297348983142174,0.054572361884906,0.0191592215265561
550,coarse,curb,48,-2.57079652332322,0.0823557411872295,0.0305539882535057,0.362311703770621,0.0685241616132151,0.0182302932773204
550,coarse,curb,49,-2.85487424177606,0.0184688462791082,0.010584329689398,0.112924548060511,0.0134125328471061,0.00833707668190943
550,coarse,curb,50,-2.94584988441599,0.0625107501577572,0.0431370882934096,0.157324542969663,0.0437501242807082,0.0158017929459911
550,coarse,curb,51,-2.64871051835411,0.0677102516364991,0.0343102656245942,0.373539896866762,0.0337244074768333,0.0163583767797992
550,coarse,curb,52,-2.39983913539693,0.0161741817616723,0.0125724613472966,0.101753315096042,0.01,0.00638864819420534
550,coarse,curb,53,-2.88686914888652,0.0577186527913663,0.0403593161875954,0.410299241959793,0.0115113165258875,0.0063905780095352
550,coarse,curb,54,-3.01858848646312,0.0498305284423996,0.04361742017025,0.0976934000216101,0.0400980940644835,0.0122416480925762
550,coarse,curb,55,-2.70046147399947,0.0585728193313812,0.0120240924679083,0.396703958786676,0.0304166982965808,0.00980026621171869
550,coarse,curb,56,-3.09287053852691,0.0520049436259919,0.0358538316644566,0.138972878044194,0.0293551379202002,0.0112216140462404
550,coarse,curb,57,-2.72791876306762,0.070656506900746,0.0323640413684296,0.326676079839125,0.0349394811510438,0.0148473217490743
550,coarse,curb,58,-3.12422408866207,0.0360702101316897,0.0113061958684534,0.0777060098188818,0.045072257843157,0.00595237741112408
550,coarse,curb,59,-2.7333128339155,0.0386082022190749,0.0115552911634321,0.168626478610629,0.0223205078131547,0.0116690489427394
550,coarse,curb,60,-3.17801972872889,0.013926691381991,0.0112176601319717,0.0825329231354332,0.01,0.00584131028801627
550,coarse,curb,61,-2.78480171955433,0.036754051691314,0.0110040859157961,0.17117694504485,0.0206532350885216,0.0102422218521439
550,coarse,curb,62,-3.28157029928192,0.0100364145272583,0.010024369862899,0.00491554081219792,0.01,0.0043286228877736
550,coarse,curb,63,-2.95813177355312,0.0250655038113385,0.0101886225144327,0.194437113218631,0.0117782769661954,0.00427591953650733
550,coarse,curb,64,-2.91100956468948,0.01,0.01,0,0.01,0.00232426189237587
550,coarse,curb,65,-2.92136831308317,0.0213048101345754,0.0101446329366252,0.169120686837598,0.0110775901447173,0.00601518301236475
550,coarse,curb,66,-2.86552683477659,0.0189786226123872,0.0130295177761526,0.137992674727443,0.01,0.00444803432967309
550,coarse,curb,67,-3.34670287064473,0.0119135577912094,0.0100273278599337,0.0636053046927506,0.0101141889847474,0.00581654250618023
550,coarse,curb,68,-2.93154256270403,0.0226362980918038,0.0101408788307145,0.167866056730114,0.0120558628935862,0.00604638623962117
550,coarse,curb,69,-3.45053851847166,0.0108012944000144,0.0104504171003866,0.0273070378176199,0.01,0.0043750954147023
550,coarse,curb,70,-3.00665491364559,0.018004059523404,0.0123508923691861,0.130996800345297,0.01,0.00442507809221776
550,coarse,curb,71,-3.55054172315876,0.0124947948841005,0.0110824016080438,0.0577063894155335,0.01,0.00417789078240195
550,fine,curb,1,-1.87536453654435,0.0109671529778279,0.0109147653380313,0.0107067364532258,0.01,0.00817356306647285
550,fine,curb,2,-1.92466271798885,0.0540627250596599,0.0439325555955045,0.167217551154013,0.0257582879096092,0.0287907445013848
550,fine,curb,3,-1.97921837156047,0.0555297867449099,0.0503932469951933,0.218305169559884,0.0263676831448606,0.0288244220483976
550,fine,curb,4,-2.03108451245621,0.0576878048206177,0.047460018570406,0.292534618335859,0.026091169431209,0.0288259069940153
550,fine,curb,5,-2.33008244028748,0.0144842619717605,0.0135901832991915,0.0319480528923155,0.0173626405106199,0.0268306023893581
550,fine,curb,6,-2.16896804601117,0.01,0.01,0,0.01,0.00442656049951269
550,fine,curb,7,-2.07388490167127,0.0572352476025065,0.0468760871844132,0.311172679117966,0.0250697924427367,0.0288078015185656
550,fine,curb,8,-2.40577781107231,0.0687248592370221,0.0360525328344895,0.405669031553617,0.0258315399036394,0.0288340396405481
550,fine,curb,9,-2.2143719973511,0.01,0.01,0,0.01,0.00442656049951269
550,fine,curb,10,-2.12285969751163,0.0618560711329144,0.0445486612703359,0.388541743144924,0.0261335042072341,0.0287496599385843
550,fine,curb,11,-2.47865690991971,0.0664759985429153,0.0311412453208108,0.54900439476543,0.0246974107158367,0.0288336871622806
550,fine,curb,12,-2.27650412679456,0.0195416736997953,0.0107641621883888,0.0557748970290045,0.0309865971102418,0.0182266241243698
550,fine,curb,13,-2.17938814514303,0.0578692017899055,0.0473938020074194,0.30328957767652,0.0267317248960416,0.0286045770340028
550,fine,curb,14,-2.5331376508019,0.0685882564100637,0.0342751362465658,0.519208373754858,0.0291720912408909,0.0288310826805882
550,fine,curb,15,-2.2854913312997,0.0385405862499183,0.0370005454976478,0.107589842207699,0.019496761632931,0.0260379958943384
550,fine,curb,16,-2.19757108679786,0.0364780059949851,0.0333301342314951,0.139174286679016,0.0194487448511275,0.0260379958943384
550,fine,curb,17,-2.5864139559682,0.0731845930012571,0.0360283755353839,0.578371609035707,0.0303180920731273,0.0287907445013848
550,fine,curb,18,-2.2943390728477,0.0514963507654738,0.048725631703566,0.117522762565982,0.0250071408554522,0.0279633805930142
550,fine,curb,19,-2.19185474745191,0.01382962570959,0.0103885862198581,0.0446819792755989,0.0204312517487564,0.0140301769225502
550,fine,curb,20,-2.6460741366652,0.0641226343794486,0.028755166257832,0.492778122964262,0.0276155758201372,0.0283059799413992
550,fine,curb,21,-2.33661051038107,0.0512311195270045,0.045242299331415,0.207445005868958,0.0253983853938836,0.0273985297600038
550,fine,curb,22,-2.26519347960323,0.0131161261339299,0.010338022315185,0.0386389992124016,0.021246262389009,0.0140301769225502
550,fine,curb,23,-2.71301104422431,0.0693144233608017,0.0492338209562634,0.416512818142522,0.0283930167228332,0.028210200810859
550,fine,curb,24,-2.39022800020155,0.0656672859971214,0.0345269607081671,0.536168972779902,0.0273175437210315,0.0255308942406505
550,fine,curb,25,-2.31308158833329,0.0187833207567731,0.0101891788342134,0.0572377950726063,0.0276675823259836,0.0113453322625228
550,fine,curb,26,-2.75205884276163,0.0619862148495213,0.030886713826546,0.458859076371862,0.0275947307078151,0.0268306023893581
550,fine,curb,27,-2.44776741225255,0.0572699705163191,0.0416332506827308,0.383458736474835,0.02434938315175,0.026467248176847
550,fine,curb,28,-2.33691730113136,0.01152903950484,0.011315804681377,0.0220710586902572,0.01,0.00817356306647285
550,fine,curb,29,-2.78716230904271,0.0652450889703716,0.0346910422297078,0.286630492738581,0.0531056418685507,0.0273985297600038
550,fine,curb,30,-2.49418576740275,0.0526553592904961,0.0415069790996013,0.294705762462409,0.0215697832205068,0.0233880377701741
550,fine,curb,31,-2.35795067454161,0.01,0.01,0,0.01,0.00442656049951269
550,fine,curb,32,-2.85089645626678,0.0593439943629486,0.0341219210119909,0.294457861976181,0.0364826977326937,0.0233880377701741
550,fine,curb,33,-2.50453168358203,0.0678641021965194,0.0306585139605516,0.443856234553777,0.0272082651434585,0.0249318244216849
550,fine,curb,34,-2.36651907073842,0.01,0.01,0,0.01,0.00442656049951269
550,fine,curb,35,-2.80437773419448,0.0111881799389046,0.0100020121809168,0.0169969277141814,0.0295029771444501,0.0113453322625228
550,fine,curb,36,-2.89528842698144,0.068689455129212,0.0296580170903157,0.374559214839404,0.0452344796791167,0.0224003386170111
550,fine,curb,37,-2.54636327826421,0.0947987319408008,0.0264895849366665,0.372591418246617,0.0700609080504817,0.0233880377701741
550,fine,curb,38,-2.41753592260641,0.01,0.01,0,0.01,0.00442656049951269
550,fine,curb,39,-2.84631203513209,0.0125367995806573,0.0100065498630823,0.0235956659476816,0.0320345501723412,0.0113453322625228
550,fine,curb,40,-2.92440210936457,0.0623346215979877,0.0497432315280722,0.23103400967303,0.0172532967207378,0.0140301769225502
550,fine,curb,41,-2.70986249562071,0.0554718771542459,0.0215384590553063,0.452353372834913,0.0146809786849337,0.0163028488614334
550,fine,curb,42,-2.87957196756078,0.01,0.01,0,0.01,0.00442656049951269
550,fine,curb,43,-2.99021100327945,0.0593260791551156,0.0407176744432052,0.311481720586901,0.0168243763686727,0.0140301769225502
550,fine,curb,44,-2.68913953188983,0.0570583634479724,0.0154474493812913,0.450816085589216,0.0383759389920254,0.0182266241243698
550,fine,curb,45,-3.10563012317524,0.0483822602261964,0.0240485361872828,0.221080033023866,0.0190852438692453,0.0140301769225502
550,fine,curb,46,-2.72186070595832,0.0610302505125029,0.0103014987263185,0.205300459907002,0.0293085506296225,0.0113453322625228
550,fine,curb,47,-3.11395294628428,0.0398133268037461,0.010035217772005,0.0839797887298903,0.0458775293277784,0.00817356306647285
550,fine,curb,48,-2.7313211131761,0.0411654000890838,0.0114542548039336,0.166845070739245,0.0240896590861831,0.0182266241243698
550,fine,curb,49,-3.18324109115112,0.01,0.01,0,0.01,0.00442656049951269
550,fine,curb,50,-2.77724214777664,0.0392234207502831,0.010318557758658,0.183014976627096,0.0206823872476948,0.0140301769225502
550,fine,curb,51,-3.28157029928192,0.0100364145272583,0.010024369862899,0.00491554081219792,0.01,0.00817356306647285
550,fine,curb,52,-2.95813177355312,0.0250655038113385,0.0101886225144604,0.194437113218421,0.0117782769662017,0.00817356306647285
550,fine,curb,53,-2.88020302589326,0.0323889307110187,0.0100295730996028,0.0769393825509281,0.0400275157693433,0.00817356306647285
550,fine,curb,54,-2.92181343365812,0.01,0.01,0,0.01,0.00442656049951269
550,fine,curb,55,-2.88165718245615,0.01,0.01,0,0.01,0.00442656049951269
550,fine,curb,56,-2.91909460925466,0.0159294805853287,0.0130771999117923,0.0909588886175409,0.01,0.00817356306647285
550,fixed,roadMarking,1,249.06260870814,0.116288996468328,0.0918929810322001,0.391188995405067,0.283431395439382,0.289357756831003
550,fixed,roadMarking,2,248.942448289385,0.159037164019646,0.102681440388434,0.471777475105171,0.342965105770969,0.349931006602116
550,fixed,roadMarking,3,249.002845876694,0.149690724167578,0.102286189421726,0.468799416339338,0.342077375510348,0.349028419632307
550,fixed,roadMarking,4,248.791510756009,0.0909671459464638,0.0641820927039526,0.563227177645382,0.0341153878362659,0.0116828169345738
550,coarse,roadMarking,1,-2.22137166719765,0.0125522773169805,0.0105348411599685,0.0357901033779986,0.0193734255717,0.0656685849537395
550,coarse,roadMarking,2,-2.25356727776815,0.0204780993346325,0.0116005063120311,0.0665909180489541,0.0263307679704257,0.0721920184316377
550,coarse,roadMarking,3,-2.30739617758515,0.0190265928424563,0.0121905892919777,0.0573587744535602,0.0330464432497297,0.0802523792886541
550,coarse,roadMarking,4,-2.35688592388016,0.0211847685151681,0.0124153672098822,0.055653380550777,0.0545296851091781,0.0818958913769029
550,coarse,roadMarking,5,-2.41471626200945,0.0199475364825899,0.0121143029673409,0.0596610393943077,0.0454023255139851,0.089303442230559
550,coarse,roadMarking,6,-2.46699194696537,0.0174726153025761,0.0112586054007271,0.0648662832569309,0.0348340797697472,0.0799881703336843
550,coarse,roadMarking,7,-2.52565413150713,0.0195265842956354,0.0107473399154488,0.0721012461266401,0.0411911819562938,0.0934923445674872
550,coarse,roadMarking,8,-2.56326602333311,0.0111859776497494,0.0111156814880695,0.0125208667291181,0.01,0.0545581255543922
550,coarse,roadMarking,9,-2.60592079776426,0.019010110204998,0.010545939116364,0.0529953563920493,0.0300859453153945,0.0870270844783069
550,coarse,roadMarking,10,-2.62008665179864,0.0103172936503807,0.0103111190523521,0.00356892359694901,0.01,0.0255581353172724
550,coarse,roadMarking,11,-2.65957478807158,0.0106314556355142,0.0102572284348383,0.0279591018551213,0.01,0.0258770768824752
550,coarse,roadMarking,12,-2.6679562070488,0.0104960466743668,0.0102749336744018,0.020912467909954,0.0102510671867393,0.0623650242761042
550,coarse,roadMarking,13,-2.71579388991365,0.0207015810855519,0.0103434197698241,0.0462406229954177,0.039251672703176,0.0598325612486417
550,coarse,roadMarking,14,-2.70440414895887,0.0120298149134219,0.0111885953811213,0.0441947737280542,0.01,0.0466601936083836
550,coarse,roadMarking,15,-2.74341132981417,0.0108287835287015,0.0105463282327762,0.0245713522583174,0.01,0.0441472088143155
550,coarse,roadMarking,16,-2.81001916580343,0.0102413389307298,0.0101717117305919,0.0119218436653943,0.01,0.0209606940283304
550,coarse,roadMarking,17,-2.86094169378299,0.01,0.01,0,0.01,0.0102210646091134
550,fine,roadMarking,1,-2.22927128070011,0.0123971099806049,0.0109557670537955,0.05801681147235,0.01,0.079379669156133
550,fine,roadMarking,2,-2.26285429018313,0.0177494085716218,0.0106437735576668,0.0627945825928444,0.0252883280040533,0.10145375712563
550,fine,roadMarking,3,-2.30833730866644,0.0170225679549222,0.0107602975414987,0.0503776351669579,0.0263403359434533,0.102427070894099
550,fine,roadMarking,4,-2.36174530352844,0.0193135861467337,0.0110863034802505,0.054261759756896,0.0302194105753003,0.100303922770263
550,fine,roadMarking,5,-2.41309398257523,0.0145053634279159,0.0104771333847106,0.0618425651145263,0.0164621451687144,0.079379669156133
550,fine,roadMarking,6,-2.46076081436809,0.019093178550181,0.0104719560638581,0.0547466157943053,0.0314287518865172,0.0932055029933404
550,fine,roadMarking,7,-2.53172056292632,0.0179583836323185,0.0105336992188513,0.0650631549652299,0.0229085129832423,0.0742264690929854
550,fine,roadMarking,8,-2.57408430594537,0.014181748086713,0.0101127203970229,0.0400578180320821,0.0248785349142329,0.060946812501723
550,fine,roadMarking,9,-2.61248938357926,0.0165904804348738,0.0102634436113337,0.0502269624973918,0.0271703813135765,0.0681386825388061
550,fine,roadMarking,10,-2.62367582929358,0.01,0.01,0,0.01,0.0165483195657628
550,fine,roadMarking,11,-2.61838248475555,0.01,0.01,0,0.01,0.0165483195657628
550,fine,roadMarking,12,-2.66519263088138,0.0103052784815298,0.0100945031804444,0.0183301495579925,0.011314737898002,0.0424135587620807
550,fine,roadMarking,13,-2.69753755117215,0.01,0.01,0,0.01,0.0165483195657628
550,fine,roadMarking,14,-2.70079120673704,0.0104041501861164,0.0102894068758822,0.0154092415057146,0.01,0.0424135587620807
550,fine,roadMarking,15,-2.73972445348808,0.01,0.01,0,0.01,0.0165483195657628
550,fine,roadMarking,16,-2.74035904737291,0.0122763304945219,0.0114476457401111,0.0443392573456556,0.01,0.0424135587620807
550,fine,roadMarking,17,-2.81001916580343,0.0102413389307298,0.0101717117305919,0.0119218436653943,0.01,0.0305561696558308
550,fine,roadMarking,18,-2.86094169378299,0.01,0.01,0,0.01,0.0165483195657628
550,fixed,pole,1,251.257187615025,0.813712588392618,0.81334344114681,0.195709127925411,0.0441976848517033,0.826688773978137
550,fixed,pole,2,251.244726510379,0.699961556822994,0.481342611487236,9.89041702201756,0.00599032560228679,0.112061517705032
550,fixed,pole,3,250.10946955621,0.587035831002106,0.258594002621303,5.05541533260354,0.00684267759924652,0.0612497083168308
550,coarse,pole,1,2.41038332603823,1.44115565849322,0.753192300771009,11.1310904865763,0.0175813056203228,1
900,fixed,curb,1,252.800793816916,0.160307304897052,0.116914397380929,0.8071030991967,0.396239416386904,0.0591461315856921
900,fixed,curb,2,252.765281828582,0.196379068812298,0.108219922901789,0.866715477474922,0.428976678931755,0.0640353519533853
900,fixed,curb,3,252.369657484895,0.117481466807275,0.0843329357380545,0.455916384048392,0.337440734107512,0.0503718021523427
900,fixed,curb,4,252.385609105377,0.124155183105184,0.105956544358085,0.377251207192821,0.364950989547399,0.0544804887856606
900,fixed,curb,5,252.404011935482,0.12411115607343,0.11491707027647,0.247719003503284,0.523834271878752,0.0781612737672524
900,fixed,curb,6,252.408221586744,0.117251161116259,0.104649641327653,0.23279184648968,0.563983979395046,0.0837051461185062
900,fixed,curb,7,252.422399310389,0.120704421124444,0.114812254841255,0.204320037204564,0.592236015119266,0.0882233423593604
900,fixed,curb,8,252.990533238424,0.292419657748941,0.155220830580573,0.335515867275468,2.01439191194072,0.300105320428392
900,fixed,curb,9,253.062512637096,0.297091337749368,0.16334454758831,0.391612243589168,1.48584007891783,0.221771142849408
900,coarse,curb,1,-1.51632244400808,0.061760809971167,0.0506740759190828,0.353063121557836,0.01,0.0180286543251769
900,coarse,curb,2,-1.63310140410857,0.111204003627887,0.0561068304190013,0.405183208716245,0.050242298246172,0.0206649362143028
900,coarse,curb,3,-1.557147404367,0.100901866204581,0.0684723949873738,0.390833200974269,0.0486712223264317,0.021838365085381
900,coarse,curb,4,-1.96841165793299,0.0119663456703543,0.010919414701558,0.018674835197189,0.0455905102558754,0.0194886580506472
900,coarse,curb,5,-1.78595856507572,0.137918039336395,0.0526815839206879,0.488279367498659,0.0629273520605339,0.0190156749456192
900,coarse,curb,6,-2.14620664751335,0.0432274979018056,0.0278355207073378,0.185453099201489,0.0274046462563727,0.0236020057495234
900,coarse,curb,7,-2.2399129292609,0.0194592572828156,0.0131944545803425,0.14302764149845,0.01,0.012041464796511
900,coarse,curb,8,-1.96570616587077,0.0122299769982147,0.0120988010354932,0.00772987760407807,0.0397375888819985,0.0172506615974748
900,coarse,curb,9,-1.84226580525572,0.0841878433384461,0.0628413101946121,0.547022812815344,0.0277305239703929,0.0190205437740499
900,coarse,curb,10,-2.1582204518338,0.0554023733560862,0.0298948781577652,0.258296660707633,0.0445592522718924,0.0236930421301187
900,coarse,curb,11,-2.24311435469539,0.0202911316856779,0.0149041457671258,0.128101407227159,0.027269102579524,0.0170873635926169
900,coarse,curb,12,-1.96032422287444,0.012195732623597,0.0114394489163277,0.0265026052792607,0.043085340706949,0.016304197760781
900,coarse,curb,13,-1.86821767784406,0.0678547701198241,0.0521204824654255,0.43312153599104,0.0267998572910954,0.0199260124553496
900,coarse,curb,14,-2.16278963744576,0.055333294362193,0.032155437495318,0.299877510865161,0.0462334547107844,0.0231885266390768
900,coarse,curb,15,-2.23195448479038,0.0447042342485801,0.0367787199244269,0.176068444494023,0.0288131214805213,0.0192317843821112
900,coarse,curb,16,-1.9519856403985,0.0127877655042078,0.0120374254044212,0.0216478617987572,0.0341575361851223,0.0157933562464245
900,coarse,curb,17,-1.87055847603194,0.0661409784288764,0.0573043249269163,0.330243886364976,0.0248776821804034,0.01911076812747
900,coarse,curb,18,-2.15310694073943,0.0440012833738888,0.0278276949963915,0.191888491934986,0.0436861012278343,0.0223779583718984
900,coarse,curb,19,-2.2300554751058,0.0476805957927268,0.0322699801035302,0.192987332893058,0.0319021456208973,0.0214604177604883
900,coarse,curb,20,-1.9508868298134,0.0130353525856349,0.0112796314742223,0.038694851819369,0.0523268612262277,0.0180939408593538
900,coarse,curb,21,-1.8851764695325,0.0650190821190454,0.0545338451226519,0.346609557904481,0.026094830022594,0.0168807781345682
900,coarse,curb,22,-2.15751370977532,0.0259381767218415,0.0200376536706852,0.0783848940074918,0.0442768730425947,0.0229160604081234
900,coarse,curb,23,-2.26459120010507,0.0236259722464979,0.0220820565103263,0.0400700647033005,0.02818499416254,0.0228714181211618
900,coarse,curb,24,-1.94054771398907,0.0147626603470675,0.012034661182252,0.0474444437329197,0.0320339381534011,0.015089456205164
900,coarse,curb,25,-1.86483451709295,0.0738739319109114,0.0628227040610785,0.387403048005748,0.0260266245383051,0.0163289957827389
900,coarse,curb,26,-1.33138436489393,0.0653390367676897,0.045362327273014,0.335498308746115,0.0280242310852479,0.0223867614475846
900,coarse,curb,27,-2.15472429996769,0.0192966553224609,0.0155160772240866,0.0440786666488602,0.0279917649457802,0.0190181301821587
900,coarse,curb,28,-2.24869584110261,0.0458406370045824,0.0329980035349027,0.244676132649698,0.0254972231727845,0.0224432937130901
900,coarse,curb,29,-1.92959488287774,0.032392536750999,0.0310470673869343,0.0303982437876005,0.0510499819796426,0.0172526563980737
900,coarse,curb,30,-1.71972692019173,0.187319650824529,0.185590682626872,0.138456772885304,0.021949742140026,0.01639393966946
900,coarse,curb,31,-2.14802832718477,0.0299395189583283,0.0263698347191494,0.112882707030323,0.0232224362699113,0.0165806201104499
900,coarse,curb,32,-2.24992242183238,0.0475067585247694,0.0361625339976735,0.285596722657146,0.0249576381998337,0.021407172597742
900,coarse,curb,33,-1.93830573776231,0.0120139947219656,0.0109316756439225,0.0498342621049899,0.01,0.00516628721808533
900,coarse,curb,34,-1.8450638693043,0.105166794854056,0.0967786959686874,0.347066067544791,0.0262477039712768,0.0184874974660173
900,coarse,curb,35,-2.15607609709338,0.025174526187547,0.0200733714310502,0.134404992500504,0.0303364885002086,0.0184378056191236
900,coarse,curb,36,-2.25624579841766,0.0564922362363222,0.046657508130944,0.283991050080285,0.029589105005083,0.0202997908875542
900,coarse,curb,37,-1.94991877993735,0.0128748686250149,0.0108585523157801,0.0235936917545777,0.0495268522011393,0.014706581609939
900,coarse,curb,38,-1.90997913700932,0.0499910482874845,0.0464424084947346,0.176966136720506,0.0250728543999016,0.0163620180853745
900,coarse,curb,39,-2.14897343586672,0.0169798581619214,0.0115232334869369,0.0876460231335742,0.0221612712242404,0.0149654743723595
900,coarse,curb,40,-2.23565318185608,0.0542595115996322,0.0418275596943657,0.302278197718671,0.0138515291367891,0.0160088658160309
900,coarse,curb,41,-1.96883540971414,0.0100000712353056,0.0100000545416091,0.000182722748997979,0.01,0.00458561738004838
900,coarse,curb,42,-1.71942221209276,0.234004983594765,0.0612739425813858,0.617359010772127,0.0370940644632237,0.0149224397382084
900,coarse,curb,43,-2.15473190893232,0.0166860258765766,0.0101202363795435,0.0944756163126598,0.0140428170453114,0.0105734415744003
900,coarse,curb,44,-2.23899807558103,0.0453692787664056,0.0362401176825746,0.266048105574273,0.0164983732984709,0.0155739611573227
900,coarse,curb,45,-1.96238466732858,0.0102974735053336,0.0101149406612755,0.019302683782115,0.01,0.00622346382253083
900,coarse,curb,46,-1.71490351688059,0.178730830580841,0.0733908527267396,0.808053292715253,0.0425123702149351,0.0170242273482708
900,coarse,curb,47,-1.32338977086655,0.0909179234734368,0.0438207213709398,0.445349677261386,0.0315702344164918,0.0128715472182942
900,coarse,curb,48,-2.14912793123455,0.0299363629918151,0.0198201151898195,0.169681976099989,0.0199486830880667,0.0110941755963822
900,coarse,curb,49,-2.22208446420437,0.0524678074824156,0.0408324842766966,0.271800733282472,0.0373519415986529,0.0162537223749463
900,coarse,curb,50,-1.96008562365506,0.010689133885103,0.0103757343309517,0.0256938130824662,0.01,0.00680115479653478
900,coarse,curb,51,-1.62247188961636,0.162967223959262,0.0641947845572157,0.515498007025144,0.0308457919194838,0.012034061954325
900,coarse,curb,52,-1.4628149888961,0.0173221625453422,0.0100925822784549,0.135754188407771,0.0103703976150607,0.0057262958126052
900,coarse,curb,53,-2.13703102099238,0.0134109446770991,0.0104070006078411,0.0759553998617886,0.0111424219216773,0.00850474451681056
900,coarse,curb,54,-2.24681662589501,0.0614671725802835,0.043921766074231,0.376162600135098,0.0316631556124963,0.0124895400977932
900,coarse,curb,55,-1.97558857598296,0.0107178274769882,0.0102126996217912,0.0202642774861015,0.0161326119032298,0.009444428576816
900,coarse,curb,56,-1.89912978218786,0.01,0.01,0,0.01,0.00321950545967383
900,coarse,curb,57,-2.14269153979561,0.0110869805249291,0.0105440861506373,0.034268621810768,0.01,0.00524732854134518
900,coarse,curb,58,-2.22186930641193,0.0508093404131985,0.040623234312045,0.287174147365408,0.0156411736894248,0.0125513152925468
900,coarse,curb,59,-1.9808189329419,0.010719677611528,0.0104069236603379,0.0163641059814924,0.0162753506874147,0.00808712711315504
900,coarse,curb,60,-2.23994687231361,0.0511659805194328,0.0290534346547964,0.249579846220412,0.0223942544070748,0.0151702767108589
900,coarse,curb,61,-1.98525157426343,0.0101122808344433,0.0101056501076628,0.002495961081077,0.0164133995994496,0.0081595307978686
900,coarse,curb,62,-1.8643974546162,0.0132775449388698,0.0121700729958683,0.0530872139775143,0.01,0.00479834116564043
900,coarse,curb,63,-2.26754655987883,0.0623985419658191,0.0233086339024777,0.385314024140123,0.0352779513075024,0.0102210185450443
900,coarse,curb,64,-1.8933536653391,0.0144750886100261,0.0123237359539152,0.0759300483381153,0.01,0.00478398113065198
900,coarse,curb,65,-2.24231495894986,0.01,0.01,0,0.01,0.00298579743578111
900,coarse,curb,66,-1.99525299241831,0.0102543899868223,0.0101406720559609,0.0152291964833838,0.01,0.00487373512048395
900,coarse,curb,67,-2.00107709009166,0.011884732258978,0.0114143409547952,0.0276224503915562,0.0188870018313737,0.00680841723558288
900,coarse,curb,68,-2.2131245409042,0.0101472337300293,0.0100929517980675,0.0104817764416607,0.01,0.005134890929033
900,coarse,curb,69,-2.21094247343138,0.01,0.01,0,0.01,0.00261397584787022
900,fine,curb,1,-1.52694269906999,0.0486799747945993,0.0457602817409733,0.166053172504945,0.01,0.0246029918104141
900,fine,curb,2,-1.43169768494144,0.0396147660557611,0.0338160708387358,0.20634995582318,0.01,0.0105462084639934
900,fine,curb,3,-1.59527102211651,0.0683015518556428,0.0360863037319373,0.480487372555505,0.0256042506328924,0.0268007562846841
900,fine,curb,4,-1.48347618649925,0.0417100530680834,0.0247666297212209,0.33561027683822,0.01,0.0169428072411262
900,fine,curb,5,-1.61430167894855,0.0811399683268371,0.042988243491918,0.339736115863066,0.0303172696496785,0.0258469518514012
900,fine,curb,6,-1.962202915749,0.01,0.01,0,0.01,0.00411476973314826
900,fine,curb,7,-1.8223089803775,0.100626409598424,0.0475428857164556,0.59331437059568,0.0368748493071033,0.0268029318531619
900,fine,curb,8,-1.49518115800551,0.0276837079671609,0.0219141103667115,0.169162482142654,0.01,0.0105462084639934
900,fine,curb,9,-2.13998678042905,0.0345728195182082,0.0241562942469347,0.147768496471131,0.0221416955950175,0.0267628295337079
900,fine,curb,10,-2.24891170005508,0.0230151363835206,0.0206450326945727,0.101724691099103,0.01,0.0169428072411262
900,fine,curb,11,-1.84673586694236,0.0865606849897705,0.057959845305965,0.627773572034691,0.0269777906741916,0.0268025975592383
900,fine,curb,12,-2.15588115989909,0.0326588522593073,0.0289472314158039,0.133006557926077,0.0240407812727029,0.0267742524348419
900,fine,curb,13,-2.24820317733995,0.0249382463367809,0.0230706095489144,0.0832853240537637,0.0257516578047881,0.0265510815287189
900,fine,curb,14,-1.87350233540457,0.0691178715093619,0.0485965238375928,0.491466504313671,0.027730024052986,0.026792504264639
900,fine,curb,15,-2.14024135743121,0.0122847831985742,0.0121517495516376,0.0180266755473452,0.0280593033804394,0.025993742119487
900,fine,curb,16,-2.23300113382793,0.0409050387464531,0.036294540196797,0.186212528573188,0.0239680756633731,0.0267104042764088
900,fine,curb,17,-1.87561379101891,0.0677705147793763,0.0550726569573737,0.394914675812498,0.0245513970310671,0.0267468875909547
900,fine,curb,18,-2.14480246359274,0.0119493151569351,0.0118104973851278,0.00843386071166293,0.0235468109320525,0.0231757177008672
900,fine,curb,19,-2.21975122850785,0.0480682031712166,0.0395091156281074,0.273645891900626,0.024982854403889,0.0262231772219844
900,fine,curb,20,-1.88804097656962,0.0655873612829104,0.0507806890113407,0.408492573048105,0.0255592092159116,0.0265510815287189
900,fine,curb,21,-2.1460526161562,0.018593946408494,0.0142084172189653,0.0387805861523614,0.0330889751848866,0.018456546431106
900,fine,curb,22,-2.23854361509668,0.0525942187863063,0.0414776465089808,0.277626398973487,0.0270228776735016,0.0258469518514012
900,fine,curb,23,-1.86465815003607,0.0736422906367684,0.0611638746710184,0.397105678164881,0.0245032972725711,0.0265510815287189
900,fine,curb,24,-1.32229895872151,0.0663659569408256,0.0461383588585886,0.2649773766188,0.0297547336489424,0.0246029918104141
900,fine,curb,25,-2.16548377790695,0.0103938839714402,0.0103078958157391,0.0128174854518773,0.02200841266048,0.0169428072411262
900,fine,curb,26,-2.24018351885846,0.0582548489194714,0.0409217191687321,0.398102425134701,0.0258845809032441,0.0237325912281563
900,fine,curb,27,-1.93714179836271,0.01,0.01,0,0.01,0.00411476973314826
900,fine,curb,28,-1.72292974066507,0.188485540341007,0.185990261168351,0.167625912676353,0.0236937887767954,0.0267468875909547
900,fine,curb,29,-2.14904261294268,0.0352909815141019,0.0317600828875445,0.153866991653502,0.01,0.0130419424648054
900,fine,curb,30,-2.24296467680126,0.0508039011735104,0.0361994596810865,0.345006988072455,0.0236710611592087,0.0249407526782973
900,fine,curb,31,-1.84523966631582,0.108372195618156,0.0998759123038675,0.337612433324821,0.0247609653825221,0.0249407526782973
900,fine,curb,32,-2.17781614665908,0.01,0.01,0,0.01,0.00411476973314826
900,fine,curb,33,-2.23621856866214,0.0608540822420486,0.0405209019826327,0.407169520311062,0.0302109472476804,0.0246029918104141
900,fine,curb,34,-1.91359984053261,0.0494305971423273,0.042846548120476,0.231435430769183,0.0248978207556771,0.0231757177008672
900,fine,curb,35,-2.14925706188473,0.0167225612582736,0.0107994273019468,0.060258729382532,0.0216857007142539,0.0130419424648054
900,fine,curb,36,-2.21123219269756,0.0593638249894449,0.027494634936273,0.459640611336416,0.0204659328526293,0.0217406697468689
900,fine,curb,37,-1.74553750365792,0.228581394581858,0.0463258998553346,0.736960931914104,0.0311421998456514,0.0197378989916746
900,fine,curb,38,-2.16558645253588,0.012376185040641,0.0112919901445686,0.0506566034541929,0.01,0.00759784711439129
900,fine,curb,39,-2.24582944637054,0.046867133655089,0.0404075908615006,0.234940941177775,0.0130550335287177,0.0151545356866809
900,fine,curb,40,-1.7143416174362,0.134936606982508,0.0533205558004451,0.906565374568066,0.0277098238707836,0.0237325912281563
900,fine,curb,41,-1.34220625581897,0.01,0.01,0,0.01,0.00411476973314826
900,fine,curb,42,-2.15793053310706,0.0286018582100352,0.0101073580230016,0.129907409412771,0.0205966400670771,0.0105462084639934
900,fine,curb,43,-2.22942598003578,0.0588249428302898,0.0433682482157197,0.345949667422047,0.0114998498880517,0.0169428072411262
900,fine,curb,44,-1.653852740752,0.173621229405699,0.102344359158035,0.951813016774698,0.0300542085886282,0.0197378989916746
900,fine,curb,45,-2.13703102099238,0.0134109446770991,0.0104070006078432,0.0759553998617428,0.0111424219216807,0.0105462084639934
900,fine,curb,46,-2.23139653401694,0.0555624024394895,0.0437958684330631,0.318187342052612,0.0331558987059373,0.0151545356866809
900,fine,curb,47,-1.97644838423296,0.0106514466570855,0.0100056347227642,0.0334337651494456,0.0109245165235544,0.00759784711439129
900,fine,curb,48,-1.89912978218786,0.01,0.01,0,0.01,0.00411476973314826
900,fine,curb,49,-2.19833735871489,0.0208140224235948,0.011842252321432,0.105840904877491,0.0174752063384578,0.0130419424648054
900,fine,curb,50,-1.98221139269891,0.0105889663058903,0.010507481632485,0.0119237514891803,0.0114548024553526,0.0105462084639934
900,fine,curb,51,-2.23699984332311,0.053393412400567,0.0348918924557162,0.24076734926066,0.0171577176813478,0.0151545356866809
900,fine,curb,52,-1.8643974546162,0.0132775449388698,0.0121700729958683,0.0530872139775143,0.01,0.00759784711439129
900,fine,curb,53,-2.27078667135101,0.0588399398445583,0.0282720252825471,0.512907105571923,0.0285218014197181,0.0105462084639934
900,fine,curb,54,-2.24231495894986,0.01,0.01,0,0.01,0.00411476973314826
900,fine,curb,55,-2.00449072722358,0.0112655020259293,0.0100091295373683,0.0425950834752151,0.0121375423730649,0.00759784711439129
900,fine,curb,56,-2.2131245409042,0.0101472337300293,0.0100929517980675,0.0104817764416607,0.01,0.00759784711439129
900,fixed,roadMarking,1,252.625755929118,0.097546236816233,0.0673495093688049,1.53599566838635,0.0865167229562451,0.73185714794201
900,fixed,roadMarking,2,252.538659847134,0.0591798651563536,0.0395317840458641,1.72378934449557,0.056441528792914,0.26814285205799
900,coarse,roadMarking,1,-1.93336567977438,0.0151735967760247,0.0139050082209058,0.0607361387461599,0.01,0.0865704856285087
900,coarse,roadMarking,2,-1.93457029620177,0.0147316796241842,0.012515483516233,0.0771165148095626,0.0108068564032347,0.0916480780422922
900,coarse,roadMarking,3,-1.93802212811886,0.0110276328425227,0.0106356853616815,0.0291391197478536,0.01,0.0635479465005844
900,coarse,roadMarking,4,-1.94049665565572,0.0102006718132327,0.0101228073588152,0.0125796526883571,0.01,0.0641248922585224
900,coarse,roadMarking,5,-1.92780142416838,0.0130595749554085,0.0130056109523198,0.00775555238373887,0.0155967883395024,0.0918990602909697
900,coarse,roadMarking,6,-1.93695589141933,0.0128839319575342,0.0121829636328758,0.0256594175164683,0.0174955801888176,0.0921030106684457
900,coarse,roadMarking,7,-1.93676638305074,0.0109949925334159,0.0107639335068354,0.0163578019321318,0.0213052703362055,0.095693456969179
900,coarse,roadMarking,8,-1.95260029309686,0.011641736529079,0.01142662520039,0.015203694805609,0.0398331992205072,0.135803819114507
900,coarse,roadMarking,9,-1.95124183730109,0.0103795091779479,0.0103100097970866,0.0119912833303344,0.01,0.0752822421169302
900,coarse,roadMarking,10,-1.95377639581963,0.0120848323541919,0.0117472461633664,0.0253677739745579,0.017405538282998,0.0934010390073801
900,coarse,roadMarking,11,-1.97137154725117,0.0126386232898793,0.0102864111495061,0.0424381894212591,0.0639877925123764,0.109925969402681
900,fine,roadMarking,1,-1.95546390901324,0.01,0.01,0,0.01,0.0493961086123044
900,fine,roadMarking,2,-1.93826297366667,0.0100000137323517,0.0100000130289057,3.75085822361599e-05,0.01,0.0912090118333318
900,fine,roadMarking,3,-1.93984098345496,0.0100511553525861,0.0100129084303286,0.00876007241793826,0.01,0.126602870274552
900,fine,roadMarking,4,-1.93394930327678,0.0109004149528399,0.0100030327184423,0.0245902452254166,0.0176130608205713,0.0912090118333318
900,fine,roadMarking,5,-1.93738210558934,0.0112278387811393,0.0100043272009269,0.0293726502722047,0.0173523403771001,0.0912090118333318
900,fine,roadMarking,6,-1.93995901581698,0.0109423427681716,0.010024167213107,0.022816633386346,0.0201213730537457,0.126602870274552
900,fine,roadMarking,7,-1.95025697428727,0.0101982596578161,0.0100209043141041,0.0160417796637766,0.025935397468567,0.126602870274552
900,fine,roadMarking,8,-1.9526703889553,0.01,0.01,0,0.01,0.0493961086123044
900,fine,roadMarking,9,-1.95824634723802,0.0105490120115729,0.0101931033027304,0.0271703873365375,0.01,0.0912090118333318
900,fine,roadMarking,10,-1.97087883663831,0.0106364679005434,0.0103774857434245,0.02330588073773,0.04214796391775,0.156563124618409
900,fixed,pole,1,254.310502135931,0.729482947100338,0.72844212735847,0.180613008344081,0.140457793877281,0.182559465501173
900,fixed,pole,2,255.005955220681,0.72748679621235,0.654315973469343,4.64049011495794,0.00461092641467117,0.00228353837710062
900,fixed,pole,3,255.503085239359,1.06840414604103,1.01319958029444,0.346986217291284,1.64676497365047,0.815156996121727
900,coarse,pole,1,-0.0821821856226105,1.15658971776685,0.564731034178689,10.0934564658469,0.01,0.0627902180065834
900,coarse,pole,2,-0.2510344626988,0.862697289561925,0.839029339427499,2.00689763060666,0.01,0.0892930783410372
900,coarse,pole,3,1.37647270095484,0.628399721615768,0.591950288568343,2.10905348416369,0.01,0.0984727450215231
900,coarse,pole,4,-0.78823369613114,0.311433923186797,0.291833702801259,1.08739038163976,0.01,0.059111538564524
900,coarse,pole,5,0.202220818285364,0.379812785316942,0.271135549106235,2.65976062646761,0.01,0.109047273747019
900,coarse,pole,6,1.86665695864818,0.941311870689572,0.801226208987591,4.94069428251209,0.01,0.0684238405428337
900,coarse,pole,7,0.910497128463165,1.42548347549737,1.29016767180485,6.0619346544292,0.01,0.0895042060167974
900,coarse,pole,8,-1.22613655001416,0.638265950027935,0.513037418790879,3.79705188120276,0.01,0.10658924061729
900,coarse,pole,9,2.01197959184886,1.62370712001655,1.233974380689,8.5992295228015,0.0126604932949577,0.0725716926160755
900,coarse,pole,10,1.42101958374956,1.1512159161025,0.69375408104942,5.63553369483571,0.0172636883600921,0.098502797422189
900,coarse,pole,11,3.06114707720212,0.907707012901544,0.810017850197487,4.09637771246849,0.01,0.0653377135638789
900,coarse,pole,12,1.74644686295615,1.61216243469826,0.820489322560987,10.3179947912899,0.0134844762107984,0.0803556555402491
900,fine,pole,1,-0.503742009463678,0.490627349713766,0.483653323603912,0.824297206961384,0.01,0.0673019123991742
900,fine,pole,2,-0.523933957993133,0.554080948372487,0.544024548367634,1.05085622816573,0.01,0.0919891779586415
900,fine,pole,3,-0.78823369613114,0.311433923186797,0.291833702801259,1.08739038163976,0.01,0.0977377686535762
900,fine,pole,4,0.00890001025471654,0.290939217935054,0.269199851805765,1.1034975450999,0.01,0.0977377686250577
900,fine,pole,5,0.396748821421657,0.4854098424058,0.485129645058821,0.164906818999788,0.01,0.0936187234300282
900,fine,pole,6,-1.39992169228987,0.52485509485941,0.428212945267815,3.03490599697822,0.01,0.0977377685831557
900,fine,pole,7,2.34953384335066,1.63085493633719,1.20516804956934,10.9875283647989,0.01,0.0977209350608775
900,fine,pole,8,1.10128769689263,1.13680838453493,1.08997048080626,3.2295147332051,0.01,0.0865410428654648
900,fine,pole,9,0.836019363629078,0.720093236830795,0.603135215310797,3.04053383371544,0.0137648554285228,0.0977377387590557
900,fine,pole,10,3.37849562499895,1.04167194333612,0.995721678709805,3.0597185504713,0.01,0.07592952468422
900,fine,pole,11,1.21955607782189,1.43369946264292,1.03864264391098,9.882892326805,0.01,0.0959476389807488
