frame,source,class,heightOffsetM,score,condition
260,coarse,all,-1,0.0678523786652114,fixedRecordedXYTheta
260,coarse,all,-0.95,0.0694725220422766,fixedRecordedXYTheta
260,coarse,all,-0.9,0.0710567667490009,fixedRecordedXYTheta
260,coarse,all,-0.85,0.072604866122924,fixedRecordedXYTheta
260,coarse,all,-0.8,0.0741211227954572,fixedRecordedXYTheta
260,coarse,all,-0.75,0.0756184683422947,fixedRecordedXYTheta
260,coarse,all,-0.7,0.0771253135718451,fixedRecordedXYTheta
260,coarse,all,-0.65,0.0786962416560841,fixedRecordedXYTheta
260,coarse,all,-0.6,0.0804273470714635,fixedRecordedXYTheta
260,coarse,all,-0.55,0.082476077994529,fixedRecordedXYTheta
260,coarse,all,-0.5,0.0850835543653833,fixedRecordedXYTheta
260,coarse,all,-0.45,0.0885944862248447,fixedRecordedXYTheta
260,coarse,all,-0.4,0.0934664792029262,fixedRecordedXYTheta
260,coarse,all,-0.35,0.10025782674597,fixedRecordedXYTheta
260,coarse,all,-0.3,0.109582571151853,fixedRecordedXYTheta
260,coarse,all,-0.25,0.122025458406593,fixedRecordedXYTheta
260,coarse,all,-0.2,0.138018371542338,fixedRecordedXYTheta
260,coarse,all,-0.15,0.157693022939387,fixedRecordedXYTheta
260,coarse,all,-0.1,0.180738848290481,fixedRecordedXYTheta
260,coarse,all,-0.0499999999999999,0.206304976174464,fixedRecordedXYTheta
260,coarse,all,0,0.232985396222752,fixedRecordedXYTheta
260,coarse,all,0.05,0.258913756529969,fixedRecordedXYTheta
260,coarse,all,0.1,0.281969678123229,fixedRecordedXYTheta
260,coarse,all,0.15,0.300068169977696,fixedRecordedXYTheta
260,coarse,all,0.2,0.311477186806996,fixedRecordedXYTheta
260,coarse,all,0.25,0.315095128367612,fixedRecordedXYTheta
260,coarse,all,0.3,0.310625778410843,fixedRecordedXYTheta
260,coarse,all,0.35,0.298612008203638,fixedRecordedXYTheta
260,coarse,all,0.4,0.280324290085491,fixedRecordedXYTheta
260,coarse,all,0.45,0.257534746609392,fixedRecordedXYTheta
260,coarse,all,0.5,0.232231641775937,fixedRecordedXYTheta
260,coarse,all,0.55,0.206336690646045,fixedRecordedXYTheta
260,coarse,all,0.6,0.181478157347246,fixedRecordedXYTheta
260,coarse,all,0.65,0.158851601469942,fixedRecordedXYTheta
260,coarse,all,0.7,0.139175231849646,fixedRecordedXYTheta
260,coarse,all,0.75,0.122725642372241,fixedRecordedXYTheta
260,coarse,all,0.8,0.109426972776353,fixedRecordedXYTheta
260,coarse,all,0.85,0.098963368835563,fixedRecordedXYTheta
260,coarse,all,0.9,0.090889105352498,fixedRecordedXYTheta
260,coarse,all,0.95,0.0847194180057166,fixedRecordedXYTheta
260,coarse,all,1,0.0799944751015183,fixedRecordedXYTheta
260,coarse,curb,-1,2.69148796811867e-06,fixedRecordedXYTheta
260,coarse,curb,-0.95,6.69954215522524e-06,fixedRecordedXYTheta
260,coarse,curb,-0.9,1.61766658171754e-05,fixedRecordedXYTheta
260,coarse,curb,-0.85,3.78236285619762e-05,fixedRecordedXYTheta
260,coarse,curb,-0.8,8.55086930130963e-05,fixedRecordedXYTheta
260,coarse,curb,-0.75,0.00018666918400592,fixedRecordedXYTheta
260,coarse,curb,-0.7,0.0003930846603634,fixedRecordedXYTheta
260,coarse,curb,-0.65,0.00079776030536356,fixedRecordedXYTheta
260,coarse,curb,-0.6,0.00155930635772964,fixedRecordedXYTheta
260,coarse,curb,-0.55,0.00293381988252536,fixedRecordedXYTheta
260,coarse,curb,-0.5,0.00531143542953933,fixedRecordedXYTheta
260,coarse,curb,-0.45,0.00925032235973466,fixedRecordedXYTheta
260,coarse,curb,-0.4,0.0154956149476486,fixedRecordedXYTheta
260,coarse,curb,-0.35,0.0249662370298969,fixedRecordedXYTheta
260,coarse,curb,-0.3,0.0386914274443456,fixedRecordedXYTheta
260,coarse,curb,-0.25,0.0576838020686518,fixedRecordedXYTheta
260,coarse,curb,-0.2,0.0827487014836057,fixedRecordedXYTheta
260,coarse,curb,-0.15,0.11424942404381,fixedRecordedXYTheta
260,coarse,curb,-0.1,0.151870215694596,fixedRecordedXYTheta
260,coarse,curb,-0.0499999999999999,0.194436002489901,fixedRecordedXYTheta
260,coarse,curb,0,0.23985146173939,fixedRecordedXYTheta
260,coarse,curb,0.05,0.285206523539601,fixedRecordedXYTheta
260,coarse,curb,0.1,0.327061180293712,fixedRecordedXYTheta
260,coarse,curb,0.15,0.361877282528432,fixedRecordedXYTheta
260,coarse,curb,0.2,0.386522110246867,fixedRecordedXYTheta
260,coarse,curb,0.25,0.39874228758154,fixedRecordedXYTheta
260,coarse,curb,0.3,0.397506946029149,fixedRecordedXYTheta
260,coarse,curb,0.35,0.383147239161462,fixedRecordedXYTheta
260,coarse,curb,0.4,0.35726727150499,fixedRecordedXYTheta
260,coarse,curb,0.45,0.322454659415719,fixedRecordedXYTheta
260,coarse,curb,0.5,0.281861644230058,fixedRecordedXYTheta
260,coarse,curb,0.55,0.238748713098509,fixedRecordedXYTheta
260,coarse,curb,0.6,0.196078673968975,fixedRecordedXYTheta
260,coarse,curb,0.65,0.156224704191193,fixedRecordedXYTheta
260,coarse,curb,0.7,0.120820960726482,fixedRecordedXYTheta
260,coarse,curb,0.75,0.0907499967825348,fixedRecordedXYTheta
260,coarse,curb,0.8,0.0662360342715419,fixedRecordedXYTheta
260,coarse,curb,0.85,0.047001078073603,fixedRecordedXYTheta
260,coarse,curb,0.9,0.032441304381983,fixedRecordedXYTheta
260,coarse,curb,0.95,0.0217903489452329,fixedRecordedXYTheta
260,coarse,curb,1,0.0142491898687058,fixedRecordedXYTheta
260,coarse,roadMarking,-1,1.80531936479123e-06,fixedRecordedXYTheta
260,coarse,roadMarking,-0.95,4.7858411873912e-06,fixedRecordedXYTheta
260,coarse,roadMarking,-0.9,1.21645091469745e-05,fixedRecordedXYTheta
260,coarse,roadMarking,-0.85,2.9645413868022e-05,fixedRecordedXYTheta
260,coarse,roadMarking,-0.8,6.92709004700449e-05,fixedRecordedXYTheta
260,coarse,roadMarking,-0.75,0.000155198420138404,fixedRecordedXYTheta
260,coarse,roadMarking,-0.7,0.000333417538780393,fixedRecordedXYTheta
260,coarse,roadMarking,-0.65,0.000686885498511899,fixedRecordedXYTheta
260,coarse,roadMarking,-0.6,0.00135710481787448,fixedRecordedXYTheta
260,coarse,roadMarking,-0.55,0.00257170997275712,fixedRecordedXYTheta
260,coarse,roadMarking,-0.5,0.00467481365624117,fixedRecordedXYTheta
260,coarse,roadMarking,-0.45,0.00815270905631234,fixedRecordedXYTheta
260,coarse,roadMarking,-0.4,0.0136428030701251,fixedRecordedXYTheta
260,coarse,roadMarking,-0.35,0.0219101178287039,fixedRecordedXYTheta
260,coarse,roadMarking,-0.3,0.0337759008625234,fixedRecordedXYTheta
260,coarse,roadMarking,-0.25,0.0499893834272745,fixedRecordedXYTheta
260,coarse,roadMarking,-0.2,0.0710476924504881,fixedRecordedXYTheta
260,coarse,roadMarking,-0.15,0.0969886578854361,fixedRecordedXYTheta
260,coarse,roadMarking,-0.1,0.127201472561264,fixedRecordedXYTheta
260,coarse,roadMarking,-0.0499999999999999,0.160312840658491,fixedRecordedXYTheta
260,coarse,roadMarking,0,0.194203388041582,fixedRecordedXYTheta
260,coarse,roadMarking,0.05,0.226186534822564,fixedRecordedXYTheta
260,coarse,roadMarking,0.1,0.253342616132657,fixedRecordedXYTheta
260,coarse,roadMarking,0.15,0.272955323356322,fixedRecordedXYTheta
260,coarse,roadMarking,0.2,0.282960803335745,fixedRecordedXYTheta
260,coarse,roadMarking,0.25,0.282306244020471,fixedRecordedXYTheta
260,coarse,roadMarking,0.3,0.271131535663055,fixedRecordedXYTheta
260,coarse,roadMarking,0.35,0.250730879372412,fixedRecordedXYTheta
260,coarse,roadMarking,0.4,0.223307416636845,fixedRecordedXYTheta
260,coarse,roadMarking,0.45,0.191584838499429,fixedRecordedXYTheta
260,coarse,roadMarking,0.5,0.158369773460144,fixedRecordedXYTheta
260,coarse,roadMarking,0.55,0.126160127347691,fixedRecordedXYTheta
260,coarse,roadMarking,0.6,0.0968703384990149,fixedRecordedXYTheta
260,coarse,roadMarking,0.65,0.0717056084935498,fixedRecordedXYTheta
260,coarse,roadMarking,0.7,0.0511773971470802,fixedRecordedXYTheta
260,coarse,roadMarking,0.75,0.0352232605325433,fixedRecordedXYTheta
260,coarse,roadMarking,0.8,0.0233811112052355,fixedRecordedXYTheta
260,coarse,roadMarking,0.85,0.0149705374334367,fixedRecordedXYTheta
260,coarse,roadMarking,0.9,0.00924683907303466,fixedRecordedXYTheta
260,coarse,roadMarking,0.95,0.00551029200095859,fixedRecordedXYTheta
260,coarse,roadMarking,1,0.00316823919995213,fixedRecordedXYTheta
260,coarse,pole,-1,0.203552639188301,fixedRecordedXYTheta
260,coarse,pole,-0.95,0.208406080743487,fixedRecordedXYTheta
260,coarse,pole,-0.9,0.213141959072039,fixedRecordedXYTheta
260,coarse,pole,-0.85,0.217747129326342,fixedRecordedXYTheta
260,coarse,pole,-0.8,0.222208588792889,fixedRecordedXYTheta
260,coarse,pole,-0.75,0.22651353742274,fixedRecordedXYTheta
260,coarse,pole,-0.7,0.230649438516392,fixedRecordedXYTheta
260,coarse,pole,-0.65,0.234604079164377,fixedRecordedXYTheta
260,coarse,pole,-0.6,0.238365630038786,fixedRecordedXYTheta
260,coarse,pole,-0.55,0.241922704128304,fixedRecordedXYTheta
260,coarse,pole,-0.5,0.245264414010369,fixedRecordedXYTheta
260,coarse,pole,-0.45,0.248380427258487,fixedRecordedXYTheta
260,coarse,pole,-0.4,0.251261019591005,fixedRecordedXYTheta
260,coarse,pole,-0.35,0.253897125379309,fixedRecordedXYTheta
260,coarse,pole,-0.3,0.256280385148689,fixedRecordedXYTheta
260,coarse,pole,-0.25,0.258403189723852,fixedRecordedXYTheta
260,coarse,pole,-0.2,0.260258720692919,fixedRecordedXYTheta
260,coarse,pole,-0.15,0.261840986888914,fixedRecordedXYTheta
260,coarse,pole,-0.1,0.263144856615584,fixedRecordedXYTheta
260,coarse,pole,-0.0499999999999999,0.264166085375,fixedRecordedXYTheta
260,coarse,pole,0,0.264901338887285,fixedRecordedXYTheta
260,coarse,pole,0.05,0.265348211227741,fixedRecordedXYTheta
260,coarse,pole,0.1,0.265505237943317,fixedRecordedXYTheta
260,coarse,pole,0.15,0.265371904048334,fixedRecordedXYTheta
260,coarse,pole,0.2,0.264948646838376,fixedRecordedXYTheta
260,coarse,pole,0.25,0.264236853500825,fixedRecordedXYTheta
260,coarse,pole,0.3,0.263238853540326,fixedRecordedXYTheta
260,coarse,pole,0.35,0.261957906077041,fixedRecordedXYTheta
260,coarse,pole,0.4,0.260398182114639,fixedRecordedXYTheta
260,coarse,pole,0.45,0.258564741913029,fixedRecordedXYTheta
260,coarse,pole,0.5,0.256463507637609,fixedRecordedXYTheta
260,coarse,pole,0.55,0.254101231491935,fixedRecordedXYTheta
260,coarse,pole,0.6,0.251485459573747,fixedRecordedXYTheta
260,coarse,pole,0.65,0.248624491725084,fixedRecordedXYTheta
260,coarse,pole,0.7,0.245527337675374,fixedRecordedXYTheta
260,coarse,pole,0.75,0.242203669801645,fixedRecordedXYTheta
260,coarse,pole,0.8,0.238663772852282,fixedRecordedXYTheta
260,coarse,pole,0.85,0.234918490999649,fixedRecordedXYTheta
260,coarse,pole,0.9,0.230979172602476,fixedRecordedXYTheta
260,coarse,pole,0.95,0.226857613070958,fixedRecordedXYTheta
260,coarse,pole,1,0.222565996235897,fixedRecordedXYTheta
260,fine,all,-1,0.0817817593605082,fixedRecordedXYTheta
260,fine,all,-0.95,0.0826410839022015,fixedRecordedXYTheta
260,fine,all,-0.9,0.0834400300418669,fixedRecordedXYTheta
260,fine,all,-0.85,0.0841839203758912,fixedRecordedXYTheta
260,fine,all,-0.8,0.0848829216157891,fixedRecordedXYTheta
260,fine,all,-0.75,0.0855563035203519,fixedRecordedXYTheta
260,fine,all,-0.7,0.0862395808486996,fixedRecordedXYTheta
260,fine,all,-0.65,0.0869955856448467,fixedRecordedXYTheta
260,fine,all,-0.6,0.08793016203251,fixedRecordedXYTheta
260,fine,all,-0.55,0.0892120976301927,fixedRecordedXYTheta
260,fine,all,-0.5,0.09109486680549,fixedRecordedXYTheta
260,fine,all,-0.45,0.0939348094590947,fixedRecordedXYTheta
260,fine,all,-0.4,0.098197089844138,fixedRecordedXYTheta
260,fine,all,-0.35,0.104438434819878,fixedRecordedXYTheta
260,fine,all,-0.3,0.11325601618045,fixedRecordedXYTheta
260,fine,all,-0.25,0.125196611116018,fixedRecordedXYTheta
260,fine,all,-0.2,0.140629999212386,fixedRecordedXYTheta
260,fine,all,-0.15,0.159604081742255,fixedRecordedXYTheta
260,fine,all,-0.1,0.181712708602689,fixedRecordedXYTheta
260,fine,all,-0.0499999999999999,0.206015287356587,fixedRecordedXYTheta
260,fine,all,0,0.231044799313364,fixedRecordedXYTheta
260,fine,all,0.05,0.254925467100154,fixedRecordedXYTheta
260,fine,all,0.1,0.275595250039511,fixedRecordedXYTheta
260,fine,all,0.15,0.291098618890932,fixedRecordedXYTheta
260,fine,all,0.2,0.299891423367168,fixedRecordedXYTheta
260,fine,all,0.25,0.30109089939167,fixedRecordedXYTheta
260,fine,all,0.3,0.294614100242053,fixedRecordedXYTheta
260,fine,all,0.35,0.281174788456341,fixedRecordedXYTheta
260,fine,all,0.4,0.262143752726782,fixedRecordedXYTheta
260,fine,all,0.45,0.239309623517795,fixedRecordedXYTheta
260,fine,all,0.5,0.214597087954192,fixedRecordedXYTheta
260,fine,all,0.55,0.189802318774828,fixedRecordedXYTheta
260,fine,all,0.6,0.166392759282487,fixedRecordedXYTheta
260,fine,all,0.65,0.145396154074342,fixedRecordedXYTheta
260,fine,all,0.7,0.127379767650337,fixedRecordedXYTheta
260,fine,all,0.75,0.112501879095685,fixedRecordedXYTheta
260,fine,all,0.8,0.100607618067342,fixedRecordedXYTheta
260,fine,all,0.85,0.091340264287022,fixedRecordedXYTheta
260,fine,all,0.9,0.084244895184557,fixedRecordedXYTheta
260,fine,all,0.95,0.0788502300666265,fixedRecordedXYTheta
260,fine,all,1,0.0747234541478616,fixedRecordedXYTheta
260,fine,curb,-1,2.6985770743208e-06,fixedRecordedXYTheta
260,fine,curb,-0.95,6.88592889795249e-06,fixedRecordedXYTheta
260,fine,curb,-0.9,1.69547869899619e-05,fixedRecordedXYTheta
260,fine,curb,-0.85,4.02443790808033e-05,fixedRecordedXYTheta
260,fine,curb,-0.8,9.2010794063947e-05,fixedRecordedXYTheta
260,fine,curb,-0.75,0.000202481840320362,fixedRecordedXYTheta
260,fine,curb,-0.7,0.000428641028182264,fixedRecordedXYTheta
260,fine,curb,-0.65,0.000872487557666461,fixedRecordedXYTheta
260,fine,curb,-0.6,0.00170697838650213,fixedRecordedXYTheta
260,fine,curb,-0.55,0.00320915265014861,fixedRecordedXYTheta
260,fine,curb,-0.5,0.00579666731083198,fixedRecordedXYTheta
260,fine,curb,-0.45,0.0100591855379882,fixedRecordedXYTheta
260,fine,curb,-0.4,0.0167706636841864,fixedRecordedXYTheta
260,fine,curb,-0.35,0.026864580817335,fixedRecordedXYTheta
260,fine,curb,-0.3,0.0413543994754276,fixedRecordedXYTheta
260,fine,curb,-0.25,0.0611888032050459,fixedRecordedXYTheta
260,fine,curb,-0.2,0.0870466799004252,fixedRecordedXYTheta
260,fine,curb,-0.15,0.119098418072064,fixedRecordedXYTheta
260,fine,curb,-0.1,0.156782088582708,fixedRecordedXYTheta
260,fine,curb,-0.0499999999999999,0.198657045929896,fixedRecordedXYTheta
260,fine,curb,0,0.242395201143782,fixedRecordedXYTheta
260,fine,curb,0.05,0.284947592622751,fixedRecordedXYTheta
260,fine,curb,0.1,0.322883902680998,fixedRecordedXYTheta
260,fine,curb,0.15,0.352855675452817,fixedRecordedXYTheta
260,fine,curb,0.2,0.372095056007634,fixedRecordedXYTheta
260,fine,curb,0.25,0.378843718975482,fixedRecordedXYTheta
260,fine,curb,0.3,0.372618455141025,fixedRecordedXYTheta
260,fine,curb,0.35,0.354257972492824,fixedRecordedXYTheta
260,fine,curb,0.4,0.325748157636501,fixedRecordedXYTheta
260,fine,curb,0.45,0.289874075935232,fixedRecordedXYTheta
260,fine,curb,0.5,0.249781609102174,fixedRecordedXYTheta
260,fine,curb,0.55,0.208541641789962,fixedRecordedXYTheta
260,fine,curb,0.6,0.168795547212325,fixedRecordedXYTheta
260,fine,curb,0.65,0.132530074697781,fixedRecordedXYTheta
260,fine,curb,0.7,0.100993799702724,fixedRecordedXYTheta
260,fine,curb,0.75,0.0747364789436469,fixedRecordedXYTheta
260,fine,curb,0.8,0.0537335218747601,fixedRecordedXYTheta
260,fine,curb,0.85,0.0375520010054015,fixedRecordedXYTheta
260,fine,curb,0.9,0.0255197706697436,fixedRecordedXYTheta
260,fine,curb,0.95,0.0168707825989035,fixedRecordedXYTheta
260,fine,curb,1,0.010852845965132,fixedRecordedXYTheta
260,fine,roadMarking,-1,1.87487188497705e-06,fixedRecordedXYTheta
260,fine,roadMarking,-0.95,4.96376303271233e-06,fixedRecordedXYTheta
260,fine,roadMarking,-0.9,1.25959102785415e-05,fixedRecordedXYTheta
260,fine,roadMarking,-0.85,3.06356778641573e-05,fixedRecordedXYTheta
260,fine,roadMarking,-0.8,7.14191851999371e-05,fixedRecordedXYTheta
260,fine,roadMarking,-0.75,0.000159592068947343,fixedRecordedXYTheta
260,fine,roadMarking,-0.7,0.00034185789717056,fixedRecordedXYTheta
260,fine,roadMarking,-0.65,0.000702030279591896,fixedRecordedXYTheta
260,fine,roadMarking,-0.6,0.00138225746271888,fixedRecordedXYTheta
260,fine,roadMarking,-0.55,0.00260976015809687,fixedRecordedXYTheta
260,fine,roadMarking,-0.5,0.00472557845305696,fixedRecordedXYTheta
260,fine,roadMarking,-0.45,0.00820775682913282,fixedRecordedXYTheta
260,fine,roadMarking,-0.4,0.0136769547801127,fixedRecordedXYTheta
260,fine,roadMarking,-0.35,0.0218694374748639,fixedRecordedXYTheta
260,fine,roadMarking,-0.3,0.0335632522773284,fixedRecordedXYTheta
260,fine,roadMarking,-0.25,0.049450448608557,fixedRecordedXYTheta
260,fine,roadMarking,-0.2,0.0699622485074594,fixedRecordedXYTheta
260,fine,roadMarking,-0.15,0.0950730594154047,fixedRecordedXYTheta
260,fine,roadMarking,-0.1,0.124127714299344,fixedRecordedXYTheta
260,fine,roadMarking,-0.0499999999999999,0.155746630142823,fixedRecordedXYTheta
260,fine,roadMarking,0,0.187858509375182,fixedRecordedXYTheta
260,fine,roadMarking,0.05,0.217886693154072,fixedRecordedXYTheta
260,fine,roadMarking,0.1,0.243077049563401,fixedRecordedXYTheta
260,fine,roadMarking,0.15,0.260912997603805,fixedRecordedXYTheta
260,fine,roadMarking,0.2,0.269531289127039,fixedRecordedXYTheta
260,fine,roadMarking,0.25,0.268043022974487,fixedRecordedXYTheta
260,fine,roadMarking,0.3,0.256683276816213,fixedRecordedXYTheta
260,fine,roadMarking,0.35,0.236754912189831,fixedRecordedXYTheta
260,fine,roadMarking,0.4,0.210384200678004,fixedRecordedXYTheta
260,fine,roadMarking,0.45,0.180151215049745,fixedRecordedXYTheta
260,fine,roadMarking,0.5,0.148682789057009,fixedRecordedXYTheta
260,fine,roadMarking,0.55,0.118294579302085,fixedRecordedXYTheta
260,fine,roadMarking,0.6,0.0907449053090362,fixedRecordedXYTheta
260,fine,roadMarking,0.65,0.0671269344364064,fixedRecordedXYTheta
260,fine,roadMarking,0.7,0.0478898773994183,fixedRecordedXYTheta
260,fine,roadMarking,0.75,0.0329541161674959,fixedRecordedXYTheta
260,fine,roadMarking,0.8,0.021874248387327,fixedRecordedXYTheta
260,fine,roadMarking,0.85,0.0140069919996596,fixedRecordedXYTheta
260,fine,roadMarking,0.9,0.00865303381094318,fixedRecordedXYTheta
260,fine,roadMarking,0.95,0.00515727814372238,fixedRecordedXYTheta
260,fine,roadMarking,1,0.00296559718277681,fixedRecordedXYTheta
260,fine,pole,-1,0.245340704632565,fixedRecordedXYTheta
260,fine,pole,-0.95,0.247911402014674,fixedRecordedXYTheta
260,fine,pole,-0.9,0.250290539428332,fixedRecordedXYTheta
260,fine,pole,-0.85,0.252480881070729,fixedRecordedXYTheta
260,fine,pole,-0.8,0.254485334868103,fixedRecordedXYTheta
260,fine,pole,-0.75,0.256306836651788,fixedRecordedXYTheta
260,fine,pole,-0.7,0.257948243620746,fixedRecordedXYTheta
260,fine,pole,-0.65,0.259412239097282,fixedRecordedXYTheta
260,fine,pole,-0.6,0.260701250248309,fixedRecordedXYTheta
260,fine,pole,-0.55,0.261817380082333,fixedRecordedXYTheta
260,fine,pole,-0.5,0.262762354652581,fixedRecordedXYTheta
260,fine,pole,-0.45,0.263537486010163,fixedRecordedXYTheta
260,fine,pole,-0.4,0.264143651068115,fixedRecordedXYTheta
260,fine,pole,-0.35,0.264581286167434,fixedRecordedXYTheta
260,fine,pole,-0.3,0.264850396788595,fixedRecordedXYTheta
260,fine,pole,-0.25,0.264950581534451,fixedRecordedXYTheta
260,fine,pole,-0.2,0.264881069229274,fixedRecordedXYTheta
260,fine,pole,-0.15,0.264640767739297,fixedRecordedXYTheta
260,fine,pole,-0.1,0.264228322926016,fixedRecordedXYTheta
260,fine,pole,-0.0499999999999999,0.263642185997041,fixedRecordedXYTheta
260,fine,pole,0,0.262880687421128,fixedRecordedXYTheta
260,fine,pole,0.05,0.26194211552364,fixedRecordedXYTheta
260,fine,pole,0.1,0.260824797874135,fixedRecordedXYTheta
260,fine,pole,0.15,0.259527183616175,fixedRecordedXYTheta
260,fine,pole,0.2,0.258047924966829,fixedRecordedXYTheta
260,fine,pole,0.25,0.256385956225042,fixedRecordedXYTheta
260,fine,pole,0.3,0.25454056876892,fixedRecordedXYTheta
260,fine,pole,0.35,0.252511480686367,fixedRecordedXYTheta
260,fine,pole,0.4,0.250298899865839,fixedRecordedXYTheta
260,fine,pole,0.45,0.247903579568409,fixedRecordedXYTheta
260,fine,pole,0.5,0.245326865703393,fixedRecordedXYTheta
260,fine,pole,0.55,0.242570735232436,fixedRecordedXYTheta
260,fine,pole,0.6,0.239637825326099,fixedRecordedXYTheta
260,fine,pole,0.65,0.236531453088838,fixedRecordedXYTheta
260,fine,pole,0.7,0.23325562584887,fixedRecordedXYTheta
260,fine,pole,0.75,0.229815042175912,fixedRecordedXYTheta
260,fine,pole,0.8,0.22621508393994,fixedRecordedXYTheta
260,fine,pole,0.85,0.222461799856005,fixedRecordedXYTheta
260,fine,pole,0.9,0.218561881072984,fixedRecordedXYTheta
260,fine,pole,0.95,0.214522629457254,fixedRecordedXYTheta
260,fine,pole,1,0.210351919295676,fixedRecordedXYTheta
550,coarse,all,-1,2.2075276994932e-06,fixedRecordedXYTheta
550,coarse,all,-0.95,5.3839736410269e-06,fixedRecordedXYTheta
550,coarse,all,-0.9,1.27560274295485e-05,fixedRecordedXYTheta
550,coarse,all,-0.85,2.93063391123664e-05,fixedRecordedXYTheta
550,coarse,all,-0.8,6.51859383606094e-05,fixedRecordedXYTheta
550,coarse,all,-0.75,0.000140185739369894,fixedRecordedXYTheta
550,coarse,all,-0.7,0.000291151217818226,fixedRecordedXYTheta
550,coarse,all,-0.65,0.000583437876116117,fixedRecordedXYTheta
550,coarse,all,-0.6,0.00112721913355751,fixedRecordedXYTheta
550,coarse,all,-0.55,0.00209848936284059,fixedRecordedXYTheta
550,coarse,all,-0.5,0.00376268521367,fixedRecordedXYTheta
550,coarse,all,-0.45,0.00649594013573819,fixedRecordedXYTheta
550,coarse,all,-0.4,0.0107955303113194,fixedRecordedXYTheta
550,coarse,all,-0.35,0.0172681699163562,fixedRecordedXYTheta
550,coarse,all,-0.3,0.0265841869052782,fixedRecordedXYTheta
550,coarse,all,-0.25,0.0393891341709949,fixedRecordedXYTheta
550,coarse,all,-0.2,0.0561732330488756,fixedRecordedXYTheta
550,coarse,all,-0.15,0.0771126286194529,fixedRecordedXYTheta
550,coarse,all,-0.1,0.101911739856611,fixedRecordedXYTheta
550,coarse,all,-0.0499999999999999,0.129687788869352,fixedRecordedXYTheta
550,coarse,all,0,0.158940955348539,fixedRecordedXYTheta
550,coarse,all,0.05,0.187642339993834,fixedRecordedXYTheta
550,coarse,all,0.1,0.213447083986141,fixedRecordedXYTheta
550,coarse,all,0.15,0.234007064875988,fixedRecordedXYTheta
550,coarse,all,0.2,0.247326435159176,fixedRecordedXYTheta
550,coarse,all,0.25,0.252084825168604,fixedRecordedXYTheta
550,coarse,all,0.3,0.247854960752826,fixedRecordedXYTheta
550,coarse,all,0.35,0.235164689287336,fixedRecordedXYTheta
550,coarse,all,0.4,0.215391343063587,fixedRecordedXYTheta
550,coarse,all,0.45,0.190517134412479,fixedRecordedXYTheta
550,coarse,all,0.5,0.162805282861086,fixedRecordedXYTheta
550,coarse,all,0.55,0.134469194093228,fixedRecordedXYTheta
550,coarse,all,0.6,0.107399407133279,fixedRecordedXYTheta
550,coarse,all,0.65,0.0829900757256767,fixedRecordedXYTheta
550,coarse,all,0.7,0.062077415000723,fixedRecordedXYTheta
550,coarse,all,0.75,0.0449761358374327,fixedRecordedXYTheta
550,coarse,all,0.8,0.0315828936332695,fixedRecordedXYTheta
550,coarse,all,0.85,0.0215103751017404,fixedRecordedXYTheta
550,coarse,all,0.9,0.0142200926052099,fixedRecordedXYTheta
550,coarse,all,0.95,0.00913221321656339,fixedRecordedXYTheta
550,coarse,all,1,0.00570241677959283,fixedRecordedXYTheta
550,coarse,curb,-1,4.48115174488422e-06,fixedRecordedXYTheta
550,coarse,curb,-0.95,1.04279186247468e-05,fixedRecordedXYTheta
550,coarse,curb,-0.9,2.36012206702882e-05,fixedRecordedXYTheta
550,coarse,curb,-0.85,5.18932020287488e-05,fixedRecordedXYTheta
550,coarse,curb,-0.8,0.000110729474177077,fixedRecordedXYTheta
550,coarse,curb,-0.75,0.000229068615758288,fixedRecordedXYTheta
550,coarse,curb,-0.7,0.000459018999920693,fixedRecordedXYTheta
550,coarse,curb,-0.65,0.000890255154472811,fixedRecordedXYTheta
550,coarse,curb,-0.6,0.00167000084343078,fixedRecordedXYTheta
550,coarse,curb,-0.55,0.00302816526451972,fixedRecordedXYTheta
550,coarse,curb,-0.5,0.00530501254741422,fixedRecordedXYTheta
550,coarse,curb,-0.45,0.00897550801658809,fixedRecordedXYTheta
550,coarse,curb,-0.4,0.0146607146411709,fixedRecordedXYTheta
550,coarse,curb,-0.35,0.023113490257289,fixedRecordedXYTheta
550,coarse,curb,-0.3,0.035165066542105,fixedRecordedXYTheta
550,coarse,curb,-0.25,0.0516228514505194,fixedRecordedXYTheta
550,coarse,curb,-0.2,0.0731192641761564,fixedRecordedXYTheta
550,coarse,curb,-0.15,0.0999261018696363,fixedRecordedXYTheta
550,coarse,curb,-0.1,0.131765853193119,fixedRecordedXYTheta
550,coarse,curb,-0.0499999999999999,0.167665148222371,fixedRecordedXYTheta
550,coarse,curb,0,0.205899831599584,fixedRecordedXYTheta
550,coarse,curb,0.05,0.244071116381521,fixedRecordedXYTheta
550,coarse,curb,0.1,0.27932717705449,fixedRecordedXYTheta
550,coarse,curb,0.15,0.308709236744786,fixedRecordedXYTheta
550,coarse,curb,0.2,0.329565485793126,fixedRecordedXYTheta
550,coarse,curb,0.25,0.339951717177364,fixedRecordedXYTheta
550,coarse,curb,0.3,0.338933580455444,fixedRecordedXYTheta
550,coarse,curb,0.35,0.326724710902057,fixedRecordedXYTheta
550,coarse,curb,0.4,0.304632697786881,fixedRecordedXYTheta
550,coarse,curb,0.45,0.274829685149298,fixedRecordedXYTheta
550,coarse,curb,0.5,0.240002990916755,fixedRecordedXYTheta
550,coarse,curb,0.55,0.202962823141805,fixedRecordedXYTheta
550,coarse,curb,0.6,0.166284495773216,fixedRecordedXYTheta
550,coarse,curb,0.65,0.132044086365467,fixedRecordedXYTheta
550,coarse,curb,0.7,0.101677067105625,fixedRecordedXYTheta
550,coarse,curb,0.75,0.075958766830678,fixedRecordedXYTheta
550,coarse,curb,0.8,0.0550817112239347,fixedRecordedXYTheta
550,coarse,curb,0.85,0.0387923270775431,fixedRecordedXYTheta
550,coarse,curb,0.9,0.0265483999622939,fixedRecordedXYTheta
550,coarse,curb,0.95,0.0176661213934348,fixedRecordedXYTheta
550,coarse,curb,1,0.011437235905793,fixedRecordedXYTheta
550,coarse,roadMarking,-1,2.14143135359536e-06,fixedRecordedXYTheta
550,coarse,roadMarking,-0.95,5.72400229833393e-06,fixedRecordedXYTheta
550,coarse,roadMarking,-0.9,1.46668616183572e-05,fixedRecordedXYTheta
550,coarse,roadMarking,-0.85,3.60258153083505e-05,fixedRecordedXYTheta
550,coarse,roadMarking,-0.8,8.48283409047516e-05,fixedRecordedXYTheta
550,coarse,roadMarking,-0.75,0.000191488602351395,fixedRecordedXYTheta
550,coarse,roadMarking,-0.7,0.000414434653533983,fixedRecordedXYTheta
550,coarse,roadMarking,-0.65,0.000860058473875538,fixedRecordedXYTheta
550,coarse,roadMarking,-0.6,0.00171165655724176,fixedRecordedXYTheta
550,coarse,roadMarking,-0.55,0.00326730282400204,fixedRecordedXYTheta
550,coarse,roadMarking,-0.5,0.00598304309359579,fixedRecordedXYTheta
550,coarse,roadMarking,-0.45,0.0105123123906265,fixedRecordedXYTheta
550,coarse,roadMarking,-0.4,0.0177258762927872,fixedRecordedXYTheta
550,coarse,roadMarking,-0.35,0.0286910194917796,fixedRecordedXYTheta
550,coarse,roadMarking,-0.3,0.0445874941737297,fixedRecordedXYTheta
550,coarse,roadMarking,-0.25,0.0665445510624654,fixedRecordedXYTheta
550,coarse,roadMarking,-0.2,0.0954004349704703,fixedRecordedXYTheta
550,coarse,roadMarking,-0.15,0.131411783988723,fixedRecordedXYTheta
550,coarse,roadMarking,-0.1,0.173969366376715,fixedRecordedXYTheta
550,coarse,roadMarking,-0.0499999999999999,0.221398218385686,fixedRecordedXYTheta
550,coarse,roadMarking,0,0.270923034446034,fixedRecordedXYTheta
550,coarse,roadMarking,0.05,0.318855903599981,fixedRecordedXYTheta
550,coarse,roadMarking,0.1,0.361014074903933,fixedRecordedXYTheta
550,coarse,roadMarking,0.15,0.393311957883178,fixedRecordedXYTheta
550,coarse,roadMarking,0.2,0.412413819684404,fixedRecordedXYTheta
550,coarse,roadMarking,0.25,0.416302758328449,fixedRecordedXYTheta
550,coarse,roadMarking,0.3,0.404631301803034,fixedRecordedXYTheta
550,coarse,roadMarking,0.35,0.37876935695995,fixedRecordedXYTheta
550,coarse,roadMarking,0.4,0.341541331403879,fixedRecordedXYTheta
550,coarse,roadMarking,0.45,0.296721718088138,fixedRecordedXYTheta
550,coarse,roadMarking,0.5,0.248412857666503,fixedRecordedXYTheta
550,coarse,roadMarking,0.55,0.200444759137878,fixedRecordedXYTheta
550,coarse,roadMarking,0.6,0.155913725626621,fixedRecordedXYTheta
550,coarse,roadMarking,0.65,0.116926140811564,fixedRecordedXYTheta
550,coarse,roadMarking,0.7,0.0845551778965435,fixedRecordedXYTheta
550,coarse,roadMarking,0.75,0.05896964068162,fixedRecordedXYTheta
550,coarse,roadMarking,0.8,0.0396669696758738,fixedRecordedXYTheta
550,coarse,roadMarking,0.85,0.0257387982276781,fixedRecordedXYTheta
550,coarse,roadMarking,0.9,0.0161118778533358,fixedRecordedXYTheta
550,coarse,roadMarking,0.95,0.00973051825625536,fixedRecordedXYTheta
550,coarse,roadMarking,1,0.0056700144329855,fixedRecordedXYTheta
550,coarse,pole,-1,0,fixedRecordedXYTheta
550,coarse,pole,-0.95,0,fixedRecordedXYTheta
550,coarse,pole,-0.9,0,fixedRecordedXYTheta
550,coarse,pole,-0.85,0,fixedRecordedXYTheta
550,coarse,pole,-0.8,0,fixedRecordedXYTheta
550,coarse,pole,-0.75,0,fixedRecordedXYTheta
550,coarse,pole,-0.7,0,fixedRecordedXYTheta
550,coarse,pole,-0.65,0,fixedRecordedXYTheta
550,coarse,pole,-0.6,0,fixedRecordedXYTheta
550,coarse,pole,-0.55,0,fixedRecordedXYTheta
550,coarse,pole,-0.5,0,fixedRecordedXYTheta
550,coarse,pole,-0.45,0,fixedRecordedXYTheta
550,coarse,pole,-0.4,0,fixedRecordedXYTheta
550,coarse,pole,-0.35,0,fixedRecordedXYTheta
550,coarse,pole,-0.3,0,fixedRecordedXYTheta
550,coarse,pole,-0.25,0,fixedRecordedXYTheta
550,coarse,pole,-0.2,0,fixedRecordedXYTheta
550,coarse,pole,-0.15,0,fixedRecordedXYTheta
550,coarse,pole,-0.1,0,fixedRecordedXYTheta
550,coarse,pole,-0.0499999999999999,0,fixedRecordedXYTheta
550,coarse,pole,0,0,fixedRecordedXYTheta
550,coarse,pole,0.05,0,fixedRecordedXYTheta
550,coarse,pole,0.1,0,fixedRecordedXYTheta
550,coarse,pole,0.15,0,fixedRecordedXYTheta
550,coarse,pole,0.2,0,fixedRecordedXYTheta
550,coarse,pole,0.25,0,fixedRecordedXYTheta
550,coarse,pole,0.3,0,fixedRecordedXYTheta
550,coarse,pole,0.35,0,fixedRecordedXYTheta
550,coarse,pole,0.4,0,fixedRecordedXYTheta
550,coarse,pole,0.45,0,fixedRecordedXYTheta
550,coarse,pole,0.5,0,fixedRecordedXYTheta
550,coarse,pole,0.55,0,fixedRecordedXYTheta
550,coarse,pole,0.6,0,fixedRecordedXYTheta
550,coarse,pole,0.65,0,fixedRecordedXYTheta
550,coarse,pole,0.7,0,fixedRecordedXYTheta
550,coarse,pole,0.75,0,fixedRecordedXYTheta
550,coarse,pole,0.8,0,fixedRecordedXYTheta
550,coarse,pole,0.85,0,fixedRecordedXYTheta
550,coarse,pole,0.9,0,fixedRecordedXYTheta
550,coarse,pole,0.95,0,fixedRecordedXYTheta
550,coarse,pole,1,0,fixedRecordedXYTheta
550,fine,all,-1,3.59923401700999e-06,fixedRecordedXYTheta
550,fine,all,-0.95,8.90584184353801e-06,fixedRecordedXYTheta
550,fine,all,-0.9,2.13467087375417e-05,fixedRecordedXYTheta
550,fine,all,-0.85,4.94904759100289e-05,fixedRecordedXYTheta
550,fine,all,-0.8,0.000110835479289264,fixedRecordedXYTheta
550,fine,all,-0.75,0.000239508276185203,fixedRecordedXYTheta
550,fine,all,-0.7,0.000498937434953977,fixedRecordedXYTheta
550,fine,all,-0.65,0.00100121876075542,fixedRecordedXYTheta
550,fine,all,-0.6,0.00193423447796647,fixedRecordedXYTheta
550,fine,all,-0.55,0.00359571456755132,fixedRecordedXYTheta
550,fine,all,-0.5,0.0064299488002951,fixedRecordedXYTheta
550,fine,all,-0.45,0.0110578677590423,fixedRecordedXYTheta
550,fine,all,-0.4,0.0182856993944505,fixedRecordedXYTheta
550,fine,all,-0.35,0.0290734945789591,fixedRecordedXYTheta
550,fine,all,-0.3,0.0444454938290862,fixedRecordedXYTheta
550,fine,all,-0.25,0.0653324607747062,fixedRecordedXYTheta
550,fine,all,-0.2,0.0923528971920844,fixedRecordedXYTheta
550,fine,all,-0.15,0.125563265857211,fixedRecordedXYTheta
550,fine,all,-0.1,0.164230676563355,fixedRecordedXYTheta
550,fine,all,-0.0499999999999999,0.206695682198953,fixedRecordedXYTheta
550,fine,all,0,0.250388888300499,fixedRecordedXYTheta
550,fine,all,0.05,0.292038580876022,fixedRecordedXYTheta
550,fine,all,0.1,0.328061137694048,fixedRecordedXYTheta
550,fine,all,0.15,0.355073744389207,fixedRecordedXYTheta
550,fine,all,0.2,0.370427074246984,fixedRecordedXYTheta
550,fine,all,0.25,0.372639878936582,fixedRecordedXYTheta
550,fine,all,0.3,0.361635517714637,fixedRecordedXYTheta
550,fine,all,0.35,0.338728097136097,fixedRecordedXYTheta
550,fine,all,0.4,0.306368208769168,fixedRecordedXYTheta
550,fine,all,0.45,0.267715413971211,fixedRecordedXYTheta
550,fine,all,0.5,0.22613952019118,fixedRecordedXYTheta
550,fine,all,0.55,0.184757030691071,fixedRecordedXYTheta
550,fine,all,0.6,0.146085527887066,fixedRecordedXYTheta
550,fine,all,0.65,0.111858275665874,fixedRecordedXYTheta
550,fine,all,0.7,0.0829983896299713,fixedRecordedXYTheta
550,fine,all,0.75,0.0597187298869829,fixedRecordedXYTheta
550,fine,all,0.8,0.0416967071696937,fixedRecordedXYTheta
550,fine,all,0.85,0.0282725615893431,fixedRecordedXYTheta
550,fine,all,0.9,0.0186307994424508,fixedRecordedXYTheta
550,fine,all,0.95,0.0119409033774708,fixedRecordedXYTheta
550,fine,all,1,0.00744937982024443,fixedRecordedXYTheta
550,fine,curb,-1,5.02470159168325e-06,fixedRecordedXYTheta
550,fine,curb,-0.95,1.19752711288593e-05,fixedRecordedXYTheta
550,fine,curb,-0.9,2.76869801005903e-05,fixedRecordedXYTheta
550,fine,curb,-0.85,6.2033498591743e-05,fixedRecordedXYTheta
550,fine,curb,-0.8,0.000134562896105491,fixedRecordedXYTheta
550,fine,curb,-0.75,0.000282361683167588,fixedRecordedXYTheta
550,fine,curb,-0.7,0.000572724860256653,fixedRecordedXYTheta
550,fine,curb,-0.65,0.0011221961765853,fixedRecordedXYTheta
550,fine,curb,-0.6,0.00212294433591712,fixedRecordedXYTheta
550,fine,curb,-0.55,0.00387578126802239,fixedRecordedXYTheta
550,fine,curb,-0.5,0.00682606843299927,fixedRecordedXYTheta
550,fine,curb,-0.45,0.0115943325227177,fixedRecordedXYTheta
550,fine,curb,-0.4,0.0189883769120837,fixedRecordedXYTheta
550,fine,curb,-0.35,0.0299797317557658,fixedRecordedXYTheta
550,fine,curb,-0.3,0.0456269553064219,fixedRecordedXYTheta
550,fine,curb,-0.25,0.0669342263672957,fixedRecordedXYTheta
550,fine,curb,-0.2,0.0946473588032229,fixedRecordedXYTheta
550,fine,curb,-0.15,0.129009736103598,fixedRecordedXYTheta
550,fine,curb,-0.1,0.169523106848224,fixedRecordedXYTheta
550,fine,curb,-0.0499999999999999,0.214775022726967,fixedRecordedXYTheta
550,fine,curb,0,0.262397394162312,fixedRecordedXYTheta
550,fine,curb,0.05,0.309203321702403,fixedRecordedXYTheta
550,fine,curb,0.1,0.351512360275163,fixedRecordedXYTheta
550,fine,curb,0.15,0.385625825853344,fixedRecordedXYTheta
550,fine,curb,0.2,0.408368001479322,fixedRecordedXYTheta
550,fine,curb,0.25,0.417581911136424,fixedRecordedXYTheta
550,fine,curb,0.3,0.412470706142799,fixedRecordedXYTheta
550,fine,curb,0.35,0.393709017069523,fixedRecordedXYTheta
550,fine,curb,0.4,0.363303457881081,fixedRecordedXYTheta
550,fine,curb,0.45,0.32424095384126,fixedRecordedXYTheta
550,fine,curb,0.5,0.280009715861873,fixedRecordedXYTheta
550,fine,curb,0.55,0.234097984621339,fixedRecordedXYTheta
550,fine,curb,0.6,0.189567059328157,fixedRecordedXYTheta
550,fine,curb,0.65,0.148763983526519,fixedRecordedXYTheta
550,fine,curb,0.7,0.113197855910407,fixedRecordedXYTheta
550,fine,curb,0.75,0.083565134019265,fixedRecordedXYTheta
550,fine,curb,0.8,0.0598829658793719,fixedRecordedXYTheta
550,fine,curb,0.85,0.0416792095018019,fixedRecordedXYTheta
550,fine,curb,0.9,0.0281916349433331,fixedRecordedXYTheta
550,fine,curb,0.95,0.0185417178386646,fixedRecordedXYTheta
550,fine,curb,1,0.0118644620075025,fixedRecordedXYTheta
550,fine,roadMarking,-1,2.17376644233673e-06,fixedRecordedXYTheta
550,fine,roadMarking,-0.95,5.8364125582167e-06,fixedRecordedXYTheta
550,fine,roadMarking,-0.9,1.50064373744931e-05,fixedRecordedXYTheta
550,fine,roadMarking,-0.85,3.69474532283148e-05,fixedRecordedXYTheta
550,fine,roadMarking,-0.8,8.71080624730373e-05,fixedRecordedXYTheta
550,fine,roadMarking,-0.75,0.000196654869202818,fixedRecordedXYTheta
550,fine,roadMarking,-0.7,0.0004251500096513,fixedRecordedXYTheta
550,fine,roadMarking,-0.65,0.000880241344925544,fixedRecordedXYTheta
550,fine,roadMarking,-0.6,0.00174552462001581,fixedRecordedXYTheta
550,fine,roadMarking,-0.55,0.00331564786708025,fixedRecordedXYTheta
550,fine,roadMarking,-0.5,0.00603382916759094,fixedRecordedXYTheta
550,fine,roadMarking,-0.45,0.010521402995367,fixedRecordedXYTheta
550,fine,roadMarking,-0.4,0.0175830218768174,fixedRecordedXYTheta
550,fine,roadMarking,-0.35,0.0281672574021524,fixedRecordedXYTheta
550,fine,roadMarking,-0.3,0.0432640323517505,fixedRecordedXYTheta
550,fine,roadMarking,-0.25,0.0637306951821168,fixedRecordedXYTheta
550,fine,roadMarking,-0.2,0.0900584355809459,fixedRecordedXYTheta
550,fine,roadMarking,-0.15,0.122116795610825,fixedRecordedXYTheta
550,fine,roadMarking,-0.1,0.158938246278486,fixedRecordedXYTheta
550,fine,roadMarking,-0.0499999999999999,0.198616341670938,fixedRecordedXYTheta
550,fine,roadMarking,0,0.238380382438686,fixedRecordedXYTheta
550,fine,roadMarking,0.05,0.274873840049641,fixedRecordedXYTheta
550,fine,roadMarking,0.1,0.304609915112932,fixedRecordedXYTheta
550,fine,roadMarking,0.15,0.32452166292507,fixedRecordedXYTheta
550,fine,roadMarking,0.2,0.332486147014646,fixedRecordedXYTheta
550,fine,roadMarking,0.25,0.32769784673674,fixedRecordedXYTheta
550,fine,roadMarking,0.3,0.310800329286474,fixedRecordedXYTheta
550,fine,roadMarking,0.35,0.283747177202671,fixedRecordedXYTheta
550,fine,roadMarking,0.4,0.249432959657254,fixedRecordedXYTheta
550,fine,roadMarking,0.45,0.211189874101161,fixedRecordedXYTheta
550,fine,roadMarking,0.5,0.172269324520487,fixedRecordedXYTheta
550,fine,roadMarking,0.55,0.135416076760804,fixedRecordedXYTheta
550,fine,roadMarking,0.6,0.102603996445975,fixedRecordedXYTheta
550,fine,roadMarking,0.65,0.0749525678052295,fixedRecordedXYTheta
550,fine,roadMarking,0.7,0.0527989233495358,fixedRecordedXYTheta
550,fine,roadMarking,0.75,0.0358723257547008,fixedRecordedXYTheta
550,fine,roadMarking,0.8,0.0235104484600155,fixedRecordedXYTheta
550,fine,roadMarking,0.85,0.0148659136768843,fixedRecordedXYTheta
550,fine,roadMarking,0.9,0.00906996394156859,fixedRecordedXYTheta
550,fine,roadMarking,0.95,0.00534008891627694,fixedRecordedXYTheta
550,fine,roadMarking,1,0.00303429763298637,fixedRecordedXYTheta
550,fine,pole,-1,0,fixedRecordedXYTheta
550,fine,pole,-0.95,0,fixedRecordedXYTheta
550,fine,pole,-0.9,0,fixedRecordedXYTheta
550,fine,pole,-0.85,0,fixedRecordedXYTheta
550,fine,pole,-0.8,0,fixedRecordedXYTheta
550,fine,pole,-0.75,0,fixedRecordedXYTheta
550,fine,pole,-0.7,0,fixedRecordedXYTheta
550,fine,pole,-0.65,0,fixedRecordedXYTheta
550,fine,pole,-0.6,0,fixedRecordedXYTheta
550,fine,pole,-0.55,0,fixedRecordedXYTheta
550,fine,pole,-0.5,0,fixedRecordedXYTheta
550,fine,pole,-0.45,0,fixedRecordedXYTheta
550,fine,pole,-0.4,0,fixedRecordedXYTheta
550,fine,pole,-0.35,0,fixedRecordedXYTheta
550,fine,pole,-0.3,0,fixedRecordedXYTheta
550,fine,pole,-0.25,0,fixedRecordedXYTheta
550,fine,pole,-0.2,0,fixedRecordedXYTheta
550,fine,pole,-0.15,0,fixedRecordedXYTheta
550,fine,pole,-0.1,0,fixedRecordedXYTheta
550,fine,pole,-0.0499999999999999,0,fixedRecordedXYTheta
550,fine,pole,0,0,fixedRecordedXYTheta
550,fine,pole,0.05,0,fixedRecordedXYTheta
550,fine,pole,0.1,0,fixedRecordedXYTheta
550,fine,pole,0.15,0,fixedRecordedXYTheta
550,fine,pole,0.2,0,fixedRecordedXYTheta
550,fine,pole,0.25,0,fixedRecordedXYTheta
550,fine,pole,0.3,0,fixedRecordedXYTheta
550,fine,pole,0.35,0,fixedRecordedXYTheta
550,fine,pole,0.4,0,fixedRecordedXYTheta
550,fine,pole,0.45,0,fixedRecordedXYTheta
550,fine,pole,0.5,0,fixedRecordedXYTheta
550,fine,pole,0.55,0,fixedRecordedXYTheta
550,fine,pole,0.6,0,fixedRecordedXYTheta
550,fine,pole,0.65,0,fixedRecordedXYTheta
550,fine,pole,0.7,0,fixedRecordedXYTheta
550,fine,pole,0.75,0,fixedRecordedXYTheta
550,fine,pole,0.8,0,fixedRecordedXYTheta
550,fine,pole,0.85,0,fixedRecordedXYTheta
550,fine,pole,0.9,0,fixedRecordedXYTheta
550,fine,pole,0.95,0,fixedRecordedXYTheta
550,fine,pole,1,0,fixedRecordedXYTheta
900,coarse,all,-1,0.015679142498766,fixedRecordedXYTheta
900,coarse,all,-0.95,0.0160496247771336,fixedRecordedXYTheta
900,coarse,all,-0.9,0.0164609995933728,fixedRecordedXYTheta
900,coarse,all,-0.85,0.0169270193770667,fixedRecordedXYTheta
900,coarse,all,-0.8,0.0174696774993629,fixedRecordedXYTheta
900,coarse,all,-0.75,0.0181245513615131,fixedRecordedXYTheta
900,coarse,all,-0.7,0.0189489632676295,fixedRecordedXYTheta
900,coarse,all,-0.65,0.0200336598628191,fixedRecordedXYTheta
900,coarse,all,-0.6,0.0215181225065226,fixedRecordedXYTheta
900,coarse,all,-0.55,0.0236082762822329,fixedRecordedXYTheta
900,coarse,all,-0.5,0.0265931141097861,fixedRecordedXYTheta
900,coarse,all,-0.45,0.0308538090742931,fixedRecordedXYTheta
900,coarse,all,-0.4,0.0368560742400365,fixedRecordedXYTheta
900,coarse,all,-0.35,0.0451153437166118,fixedRecordedXYTheta
900,coarse,all,-0.3,0.0561266543434892,fixedRecordedXYTheta
900,coarse,all,-0.25,0.0702583286331476,fixedRecordedXYTheta
900,coarse,all,-0.2,0.0876205645607448,fixedRecordedXYTheta
900,coarse,all,-0.15,0.107934228975432,fixedRecordedXYTheta
900,coarse,all,-0.1,0.130436485982141,fixedRecordedXYTheta
900,coarse,all,-0.0499999999999999,0.153862327237871,fixedRecordedXYTheta
900,coarse,all,0,0.17653023366274,fixedRecordedXYTheta
900,coarse,all,0.05,0.196536180140974,fixedRecordedXYTheta
900,coarse,all,0.1,0.212028893182696,fixedRecordedXYTheta
900,coarse,all,0.15,0.22151106458097,fixedRecordedXYTheta
900,coarse,all,0.2,0.224097076081304,fixedRecordedXYTheta
900,coarse,all,0.25,0.219664401913473,fixedRecordedXYTheta
900,coarse,all,0.3,0.208862288120344,fixedRecordedXYTheta
900,coarse,all,0.35,0.192978947724856,fixedRecordedXYTheta
900,coarse,all,0.4,0.173704560127826,fixedRecordedXYTheta
900,coarse,all,0.45,0.152850150888083,fixedRecordedXYTheta
900,coarse,all,0.5,0.132085956012633,fixedRecordedXYTheta
900,coarse,all,0.55,0.11274854272838,fixedRecordedXYTheta
900,coarse,all,0.6,0.0957410087444962,fixedRecordedXYTheta
900,coarse,all,0.65,0.081524435707708,fixedRecordedXYTheta
900,coarse,all,0.7,0.0701792158134288,fixedRecordedXYTheta
900,coarse,all,0.75,0.0615057192772016,fixedRecordedXYTheta
900,coarse,all,0.8,0.0551346120908802,fixedRecordedXYTheta
900,coarse,all,0.85,0.0506246863937145,fixedRecordedXYTheta
900,coarse,all,0.9,0.0475361455397838,fixedRecordedXYTheta
900,coarse,all,0.95,0.0454764363077982,fixedRecordedXYTheta
900,coarse,all,1,0.044122018980026,fixedRecordedXYTheta
900,coarse,curb,-1,7.99782564300679e-05,fixedRecordedXYTheta
900,coarse,curb,-0.95,0.00014318945709548,fixedRecordedXYTheta
900,coarse,curb,-0.9,0.000252267037097741,fixedRecordedXYTheta
900,coarse,curb,-0.85,0.000437857133108141,fixedRecordedXYTheta
900,coarse,curb,-0.8,0.000749522760788278,fixedRecordedXYTheta
900,coarse,curb,-0.75,0.00126634055379361,fixedRecordedXYTheta
900,coarse,curb,-0.7,0.00211234743729271,fixedRecordedXYTheta
900,coarse,curb,-0.65,0.00347786217662671,fixedRecordedXYTheta
900,coarse,curb,-0.6,0.00564673439671316,fixedRecordedXYTheta
900,coarse,curb,-0.55,0.00902742719719298,fixedRecordedXYTheta
900,coarse,curb,-0.5,0.0141822524972621,fixedRecordedXYTheta
900,coarse,curb,-0.45,0.0218442925370973,fixedRecordedXYTheta
900,coarse,curb,-0.4,0.0329066917192297,fixedRecordedXYTheta
900,coarse,curb,-0.35,0.0483663076290647,fixedRecordedXYTheta
900,coarse,curb,-0.3,0.0692061454357988,fixedRecordedXYTheta
900,coarse,curb,-0.25,0.0962112432938709,fixedRecordedXYTheta
900,coarse,curb,-0.2,0.129731427817289,fixedRecordedXYTheta
900,coarse,curb,-0.15,0.16942867740079,fixedRecordedXYTheta
900,coarse,curb,-0.1,0.214069534943906,fixedRecordedXYTheta
900,coarse,curb,-0.0499999999999999,0.261434114701569,fixedRecordedXYTheta
900,coarse,curb,0,0.308403620470197,fixedRecordedXYTheta
900,coarse,curb,0.05,0.351254410553776,fixedRecordedXYTheta
900,coarse,curb,0.1,0.386134167664857,fixedRecordedXYTheta
900,coarse,curb,0.15,0.409639533245027,fixedRecordedXYTheta
900,coarse,curb,0.2,0.419374221073813,fixedRecordedXYTheta
900,coarse,curb,0.25,0.414358695414051,fixedRecordedXYTheta
900,coarse,curb,0.3,0.395193013114429,fixedRecordedXYTheta
900,coarse,curb,0.35,0.363935367907305,fixedRecordedXYTheta
900,coarse,curb,0.4,0.32373073015744,fixedRecordedXYTheta
900,coarse,curb,0.45,0.278283423050867,fixedRecordedXYTheta
900,coarse,curb,0.5,0.231296590706506,fixedRecordedXYTheta
900,coarse,curb,0.55,0.18599424642005,fixedRecordedXYTheta
900,coarse,curb,0.6,0.144804816084474,fixedRecordedXYTheta
900,coarse,curb,0.65,0.109234355587827,fixedRecordedXYTheta
900,coarse,curb,0.7,0.0799101404717966,fixedRecordedXYTheta
900,coarse,curb,0.75,0.05674366830181,fixedRecordedXYTheta
900,coarse,curb,0.8,0.0391509792459871,fixedRecordedXYTheta
900,coarse,curb,0.85,0.0262748758816136,fixedRecordedXYTheta
900,coarse,curb,0.9,0.0171709683887671,fixedRecordedXYTheta
900,coarse,curb,0.95,0.0109395589759045,fixedRecordedXYTheta
900,coarse,curb,1,0.00680222714134032,fixedRecordedXYTheta
900,coarse,roadMarking,-1,1.63041414859235e-06,fixedRecordedXYTheta
900,coarse,roadMarking,-0.95,4.38575178366865e-06,fixedRecordedXYTheta
900,coarse,roadMarking,-0.9,1.12876644980699e-05,fixedRecordedXYTheta
900,coarse,roadMarking,-0.85,2.77927089416847e-05,fixedRecordedXYTheta
900,coarse,roadMarking,-0.8,6.54608855390238e-05,fixedRecordedXYTheta
900,coarse,roadMarking,-0.75,0.000147475360977009,fixedRecordedXYTheta
900,coarse,roadMarking,-0.7,0.000317768786909462,fixedRecordedXYTheta
900,coarse,roadMarking,-0.65,0.000654832533226336,fixedRecordedXYTheta
900,coarse,roadMarking,-0.6,0.00129049211739961,fixedRecordedXYTheta
900,coarse,roadMarking,-0.55,0.00243204443866553,fixedRecordedXYTheta
900,coarse,roadMarking,-0.5,0.00438298558937892,fixedRecordedXYTheta
900,coarse,roadMarking,-0.45,0.0075535135633372,fixedRecordedXYTheta
900,coarse,roadMarking,-0.4,0.0124483978075496,fixedRecordedXYTheta
900,coarse,roadMarking,-0.35,0.0196189463531427,fixedRecordedXYTheta
900,coarse,roadMarking,-0.3,0.0295702826754682,fixedRecordedXYTheta
900,coarse,roadMarking,-0.25,0.0426265648510353,fixedRecordedXYTheta
900,coarse,roadMarking,-0.2,0.0587740430222748,fixedRecordedXYTheta
900,coarse,roadMarking,-0.15,0.0775201061323334,fixedRecordedXYTheta
900,coarse,roadMarking,-0.1,0.0978177689630639,fixedRecordedXYTheta
900,coarse,roadMarking,-0.0499999999999999,0.118101254299671,fixedRecordedXYTheta
900,coarse,roadMarking,0,0.136455440440424,fixedRecordedXYTheta
900,coarse,roadMarking,0.05,0.150903772507936,fixedRecordedXYTheta
900,coarse,roadMarking,0.1,0.159757808777753,fixedRecordedXYTheta
900,coarse,roadMarking,0.15,0.161943151413378,fixedRecordedXYTheta
900,coarse,roadMarking,0.2,0.15721441189691,fixedRecordedXYTheta
900,coarse,roadMarking,0.25,0.146199626917053,fixedRecordedXYTheta
900,coarse,roadMarking,0.3,0.130263322922118,fixedRecordedXYTheta
900,coarse,roadMarking,0.35,0.111229409413874,fixedRecordedXYTheta
900,coarse,roadMarking,0.4,0.0910413744553294,fixedRecordedXYTheta
900,coarse,roadMarking,0.45,0.0714461717535366,fixedRecordedXYTheta
900,coarse,roadMarking,0.5,0.0537696584352288,fixedRecordedXYTheta
900,coarse,roadMarking,0.55,0.0388157137268478,fixedRecordedXYTheta
900,coarse,roadMarking,0.6,0.0268830922771909,fixedRecordedXYTheta
900,coarse,roadMarking,0.65,0.0178663633850934,fixedRecordedXYTheta
900,coarse,roadMarking,0.7,0.0113960978406344,fixedRecordedXYTheta
900,coarse,roadMarking,0.75,0.00697766823290887,fixedRecordedXYTheta
900,coarse,roadMarking,0.8,0.00410168871487677,fixedRecordedXYTheta
900,coarse,roadMarking,0.85,0.00231510336985668,fixedRecordedXYTheta
900,coarse,roadMarking,0.9,0.0012548263289989,fixedRecordedXYTheta
900,coarse,roadMarking,0.95,0.000653200023954889,fixedRecordedXYTheta
900,coarse,roadMarking,1,0.000326584805555726,fixedRecordedXYTheta
900,coarse,pole,-1,0.0469558188257194,fixedRecordedXYTheta
900,coarse,pole,-0.95,0.0480012991225215,fixedRecordedXYTheta
900,coarse,pole,-0.9,0.0491194440785226,fixedRecordedXYTheta
900,coarse,pole,-0.85,0.0503154082891504,fixedRecordedXYTheta
900,coarse,pole,-0.8,0.0515940488517615,fixedRecordedXYTheta
900,coarse,pole,-0.75,0.0529598381697687,fixedRecordedXYTheta
900,coarse,pole,-0.7,0.0544167735786865,fixedRecordedXYTheta
900,coarse,pole,-0.65,0.0559682848786042,fixedRecordedXYTheta
900,coarse,pole,-0.6,0.0576171410054549,fixedRecordedXYTheta
900,coarse,pole,-0.55,0.0593653572108401,fixedRecordedXYTheta
900,coarse,pole,-0.5,0.0612141042427174,fixedRecordedXYTheta
900,coarse,pole,-0.45,0.0631636211224447,fixedRecordedXYTheta
900,coarse,pole,-0.4,0.0652131331933302,fixedRecordedXYTheta
900,coarse,pole,-0.35,0.067360777167628,fixedRecordedXYTheta
900,coarse,pole,-0.3,0.0696035349192007,fixedRecordedXYTheta
900,coarse,pole,-0.25,0.0719371777545364,fixedRecordedXYTheta
900,coarse,pole,-0.2,0.0743562228426709,fixedRecordedXYTheta
900,coarse,pole,-0.15,0.0768539033931739,fixedRecordedXYTheta
900,coarse,pole,-0.1,0.079422154039454,fixedRecordedXYTheta
900,coarse,pole,-0.0499999999999999,0.0820516127123744,fixedRecordedXYTheta
900,coarse,pole,0,0.0847316400776004,fixedRecordedXYTheta
900,coarse,pole,0.05,0.0874503573612098,fixedRecordedXYTheta
900,coarse,pole,0.1,0.090194703105477,fixedRecordedXYTheta
900,coarse,pole,0.15,0.0929505090845046,fixedRecordedXYTheta
900,coarse,pole,0.2,0.0957025952731883,fixedRecordedXYTheta
900,coarse,pole,0.25,0.0984348834093136,fixedRecordedXYTheta
900,coarse,pole,0.3,0.101130528324486,fixedRecordedXYTheta
900,coarse,pole,0.35,0.10377206585339,fixedRecordedXYTheta
900,coarse,pole,0.4,0.106341575770709,fixedRecordedXYTheta
900,coarse,pole,0.45,0.108820857859845,fixedRecordedXYTheta
900,coarse,pole,0.5,0.111191618896165,fixedRecordedXYTheta
900,coarse,pole,0.55,0.113435668038242,fixedRecordedXYTheta
900,coarse,pole,0.6,0.115535117871824,fixedRecordedXYTheta
900,coarse,pole,0.65,0.117472588150203,fixedRecordedXYTheta
900,coarse,pole,0.7,0.119231409127855,fixedRecordedXYTheta
900,coarse,pole,0.75,0.120795821296886,fixedRecordedXYTheta
900,coarse,pole,0.8,0.122151168311777,fixedRecordedXYTheta
900,coarse,pole,0.85,0.123284079929673,fixedRecordedXYTheta
900,coarse,pole,0.9,0.124182641901585,fixedRecordedXYTheta
900,coarse,pole,0.95,0.124836549923535,fixedRecordedXYTheta
900,coarse,pole,1,0.125237244993182,fixedRecordedXYTheta
900,fine,all,-1,0.0122750013835696,fixedRecordedXYTheta
900,fine,all,-0.95,0.0125637437571228,fixedRecordedXYTheta
900,fine,all,-0.9,0.012887047701268,fixedRecordedXYTheta
900,fine,all,-0.85,0.0132569797769316,fixedRecordedXYTheta
900,fine,all,-0.8,0.0136933902611897,fixedRecordedXYTheta
900,fine,all,-0.75,0.014229299748753,fixedRecordedXYTheta
900,fine,all,-0.7,0.0149192718396628,fixedRecordedXYTheta
900,fine,all,-0.65,0.0158515283799196,fixedRecordedXYTheta
900,fine,all,-0.6,0.0171639085938864,fixedRecordedXYTheta
900,fine,all,-0.55,0.0190622966976444,fixedRecordedXYTheta
900,fine,all,-0.5,0.0218377087743471,fixedRecordedXYTheta
900,fine,all,-0.45,0.0258751178552031,fixedRecordedXYTheta
900,fine,all,-0.4,0.0316442460159482,fixedRecordedXYTheta
900,fine,all,-0.35,0.0396616015881272,fixedRecordedXYTheta
900,fine,all,-0.3,0.050415933271173,fixedRecordedXYTheta
900,fine,all,-0.25,0.0642573606322182,fixedRecordedXYTheta
900,fine,all,-0.2,0.0812632923271585,fixedRecordedXYTheta
900,fine,all,-0.15,0.101108783764728,fixedRecordedXYTheta
900,fine,all,-0.1,0.122979704282827,fixedRecordedXYTheta
900,fine,all,-0.0499999999999999,0.1455677717872,fixedRecordedXYTheta
900,fine,all,0,0.167173175440111,fixedRecordedXYTheta
900,fine,all,0.05,0.185914171420184,fixedRecordedXYTheta
900,fine,all,0.1,0.20001076367074,fixedRecordedXYTheta
900,fine,all,0.15,0.208082572086663,fixedRecordedXYTheta
900,fine,all,0.2,0.209390160474846,fixedRecordedXYTheta
900,fine,all,0.25,0.203960071196713,fixedRecordedXYTheta
900,fine,all,0.3,0.192563935995148,fixedRecordedXYTheta
900,fine,all,0.35,0.176561114545371,fixedRecordedXYTheta
900,fine,all,0.4,0.157648893100765,fixedRecordedXYTheta
900,fine,all,0.45,0.137583271553451,fixedRecordedXYTheta
900,fine,all,0.5,0.117932323599971,fixedRecordedXYTheta
900,fine,all,0.55,0.0999061827150876,fixedRecordedXYTheta
900,fine,all,0.6,0.0842813015869583,fixedRecordedXYTheta
900,fine,all,0.65,0.0714113465554134,fixedRecordedXYTheta
900,fine,all,0.7,0.0612999725203647,fixedRecordedXYTheta
900,fine,all,0.75,0.0537044335917156,fixedRecordedXYTheta
900,fine,all,0.8,0.0482420804036098,fixedRecordedXYTheta
900,fine,all,0.85,0.0444804608397366,fixedRecordedXYTheta
900,fine,all,0.9,0.0420018084211615,fixedRecordedXYTheta
900,fine,all,0.95,0.0404410991605502,fixedRecordedXYTheta
900,fine,all,1,0.0395021474206199,fixedRecordedXYTheta
900,fine,curb,-1,6.76210456528041e-05,fixedRecordedXYTheta
900,fine,curb,-0.95,0.000119779952637334,fixedRecordedXYTheta
900,fine,curb,-0.9,0.000209353181095861,fixedRecordedXYTheta
900,fine,curb,-0.85,0.000361669491820974,fixedRecordedXYTheta
900,fine,curb,-0.8,0.000618435877775616,fixedRecordedXYTheta
900,fine,curb,-0.75,0.00104759686072693,fixedRecordedXYTheta
900,fine,curb,-0.7,0.00175803700032812,fixedRecordedXYTheta
900,fine,curb,-0.65,0.00292019108397201,fixedRecordedXYTheta
900,fine,curb,-0.6,0.00479258407804107,fixedRecordedXYTheta
900,fine,curb,-0.55,0.00775206315068387,fixedRecordedXYTheta
900,fine,curb,-0.5,0.0123218011532068,fixedRecordedXYTheta
900,fine,curb,-0.45,0.0191864113260679,fixedRecordedXYTheta
900,fine,curb,-0.4,0.0291790083330724,fixedRecordedXYTheta
900,fine,curb,-0.35,0.0432230915982638,fixedRecordedXYTheta
900,fine,curb,-0.3,0.0622155802495975,fixedRecordedXYTheta
900,fine,curb,-0.25,0.0868484509966847,fixedRecordedXYTheta
900,fine,curb,-0.2,0.117385227712825,fixedRecordedXYTheta
900,fine,curb,-0.15,0.153431410029068,fixedRecordedXYTheta
900,fine,curb,-0.1,0.193757394744734,fixedRecordedXYTheta
900,fine,curb,-0.0499999999999999,0.236239218199736,fixedRecordedXYTheta
900,fine,curb,0,0.277969040289422,fixedRecordedXYTheta
900,fine,curb,0.05,0.315552283344019,fixedRecordedXYTheta
900,fine,curb,0.1,0.345558947656802,fixedRecordedXYTheta
900,fine,curb,0.15,0.365047686196687,fixedRecordedXYTheta
900,fine,curb,0.2,0.372050242208721,fixedRecordedXYTheta
900,fine,curb,0.25,0.365903900826847,fixedRecordedXYTheta
900,fine,curb,0.3,0.347353276998768,fixedRecordedXYTheta
900,fine,curb,0.35,0.318400332497534,fixedRecordedXYTheta
900,fine,curb,0.4,0.281944422618038,fixedRecordedXYTheta
900,fine,curb,0.45,0.241302341716553,fixedRecordedXYTheta
900,fine,curb,0.5,0.199717928387865,fixedRecordedXYTheta
900,fine,curb,0.55,0.159958897552841,fixedRecordedXYTheta
900,fine,curb,0.6,0.124063045212963,fixedRecordedXYTheta
900,fine,curb,0.65,0.0932510743300065,fixedRecordedXYTheta
900,fine,curb,0.7,0.0679835528899384,fixedRecordedXYTheta
900,fine,curb,0.75,0.04811472367854,fixedRecordedXYTheta
900,fine,curb,0.8,0.0330889107774448,fixedRecordedXYTheta
900,fine,curb,0.85,0.0221329328674439,fixedRecordedXYTheta
900,fine,curb,0.9,0.0144137699055571,fixedRecordedXYTheta
900,fine,curb,0.95,0.00914803768324095,fixedRecordedXYTheta
900,fine,curb,1,0.00566380981032455,fixedRecordedXYTheta
900,fine,roadMarking,-1,1.93527692407734e-06,fixedRecordedXYTheta
900,fine,roadMarking,-0.95,5.1855439929509e-06,fixedRecordedXYTheta
900,fine,roadMarking,-0.9,1.32977687295369e-05,fixedRecordedXYTheta
900,fine,roadMarking,-0.85,3.26320579480252e-05,fixedRecordedXYTheta
900,fine,roadMarking,-0.8,7.66203317602842e-05,fixedRecordedXYTheta
900,fine,roadMarking,-0.75,0.000172121402578826,fixedRecordedXYTheta
900,fine,roadMarking,-0.7,0.000369895726733593,fixedRecordedXYTheta
900,fine,roadMarking,-0.65,0.000760404543679259,fixedRecordedXYTheta
900,fine,roadMarking,-0.6,0.00149521500797304,fixedRecordedXYTheta
900,fine,roadMarking,-0.55,0.00281212231476485,fixedRecordedXYTheta
900,fine,roadMarking,-0.5,0.00505848118166833,fixedRecordedXYTheta
900,fine,roadMarking,-0.45,0.00870264301379105,fixedRecordedXYTheta
900,fine,roadMarking,-0.4,0.0143193491891454,fixedRecordedXYTheta
900,fine,roadMarking,-0.35,0.0225340377463963,fixedRecordedXYTheta
900,fine,roadMarking,-0.3,0.0339162483365634,fixedRecordedXYTheta
900,fine,roadMarking,-0.25,0.0488254512358956,fixedRecordedXYTheta
900,fine,roadMarking,-0.2,0.0672323841820488,fixedRecordedXYTheta
900,fine,roadMarking,-0.15,0.0885597633085313,fixedRecordedXYTheta
900,fine,roadMarking,-0.1,0.111598922907433,fixedRecordedXYTheta
900,fine,roadMarking,-0.0499999999999999,0.134554227990742,fixedRecordedXYTheta
900,fine,roadMarking,0,0.155240498971561,fixedRecordedXYTheta
900,fine,roadMarking,0.05,0.171414688559873,fixedRecordedXYTheta
900,fine,roadMarking,0.1,0.181175623152807,fixedRecordedXYTheta
900,fine,roadMarking,0.15,0.1833335319532,fixedRecordedXYTheta
900,fine,roadMarking,0.2,0.177649575695776,fixedRecordedXYTheta
900,fine,roadMarking,0.25,0.164878463369331,fixedRecordedXYTheta
900,fine,roadMarking,0.3,0.146603942190428,fixedRecordedXYTheta
900,fine,roadMarking,0.35,0.124916622030349,fixedRecordedXYTheta
900,fine,roadMarking,0.4,0.102024430521823,fixedRecordedXYTheta
900,fine,roadMarking,0.45,0.0798948147507282,fixedRecordedXYTheta
900,fine,roadMarking,0.5,0.060005083335815,fixedRecordedXYTheta
900,fine,roadMarking,0.55,0.0432353807027859,fixedRecordedXYTheta
900,fine,roadMarking,0.6,0.0298950921794851,fixedRecordedXYTheta
900,fine,roadMarking,0.65,0.0198425179541095,fixedRecordedXYTheta
900,fine,roadMarking,0.7,0.0126460435494249,fixedRecordedXYTheta
900,fine,roadMarking,0.75,0.0077409558182815,fixedRecordedXYTheta
900,fine,roadMarking,0.8,0.00455231530491796,fixedRecordedXYTheta
900,fine,roadMarking,0.85,0.0025726285214015,fixedRecordedXYTheta
900,fine,roadMarking,0.9,0.00139742996836881,fixedRecordedXYTheta
900,fine,roadMarking,0.95,0.000729765614136158,fixedRecordedXYTheta
900,fine,roadMarking,1,0.000366453794509547,fixedRecordedXYTheta
900,fine,pole,-1,0.036755447828132,fixedRecordedXYTheta
900,fine,pole,-0.95,0.0375662657747382,fixedRecordedXYTheta
900,fine,pole,-0.9,0.0384384921539787,fixedRecordedXYTheta
900,fine,pole,-0.85,0.0393766377810259,fixedRecordedXYTheta
900,fine,pole,-0.8,0.0403851145740331,fixedRecordedXYTheta
900,fine,pole,-0.75,0.0414681809829531,fixedRecordedXYTheta
900,fine,pole,-0.7,0.0426298827919267,fixedRecordedXYTheta
900,fine,pole,-0.65,0.0438739895121075,fixedRecordedXYTheta
900,fine,pole,-0.6,0.0452039266956452,fixedRecordedXYTheta
900,fine,pole,-0.55,0.0466227046274844,fixedRecordedXYTheta
900,fine,pole,-0.5,0.0481328439881662,fixedRecordedXYTheta
900,fine,pole,-0.45,0.0497362992257503,fixedRecordedXYTheta
900,fine,pole,-0.4,0.0514343805256268,fixedRecordedXYTheta
900,fine,pole,-0.35,0.0532276754197215,fixedRecordedXYTheta
900,fine,pole,-0.3,0.0551159712273582,fixedRecordedXYTheta
900,fine,pole,-0.25,0.0570981796640744,fixedRecordedXYTheta
900,fine,pole,-0.2,0.0591722650866019,fixedRecordedXYTheta
900,fine,pole,-0.15,0.0613351779565837,fixedRecordedXYTheta
900,fine,pole,-0.1,0.0635827951963122,fixedRecordedXYTheta
900,fine,pole,-0.0499999999999999,0.0659098691711216,fixedRecordedXYTheta
900,fine,pole,0,0.0683099870593513,fixedRecordedXYTheta
900,fine,pole,0.05,0.0707755423566587,fixedRecordedXYTheta
900,fine,pole,0.1,0.0732977202026102,fixedRecordedXYTheta
900,fine,pole,0.15,0.0758664981101008,fixedRecordedXYTheta
900,fine,pole,0.2,0.0784706635200402,fixedRecordedXYTheta
900,fine,pole,0.25,0.0810978493939617,fixedRecordedXYTheta
900,fine,pole,0.3,0.0837345887962483,fixedRecordedXYTheta
900,fine,pole,0.35,0.0863663891082291,fixedRecordedXYTheta
900,fine,pole,0.4,0.0889778261624329,fixedRecordedXYTheta
900,fine,pole,0.45,0.0915526581930714,fixedRecordedXYTheta
900,fine,pole,0.5,0.0940739590762321,fixedRecordedXYTheta
900,fine,pole,0.55,0.0965242698896358,fixedRecordedXYTheta
900,fine,pole,0.6,0.0988857673684264,fixedRecordedXYTheta
900,fine,pole,0.65,0.101140447382124,fixedRecordedXYTheta
900,fine,pole,0.7,0.103270321121731,fixedRecordedXYTheta
900,fine,pole,0.75,0.105257621278325,fixedRecordedXYTheta
900,fine,pole,0.8,0.107085015128466,fixedRecordedXYTheta
900,fine,pole,0.85,0.108735821130365,fixedRecordedXYTheta
900,fine,pole,0.9,0.110194225389559,fixedRecordedXYTheta
900,fine,pole,0.95,0.111445494184274,fixedRecordedXYTheta
900,fine,pole,1,0.112476178657026,fixedRecordedXYTheta
