frame,map,source,variant,start,accepted,reason,recordedPoseScore,optimizedScore,translationDifferenceM,yawDifferenceDeg,longitudinalDifferenceM,lateralDifferenceM,minimumCurvature,maximumCurvature,x,y,yaw
260,fixed,coarse,xy,1,1,accepted,0.40197148435065,0.446381928258773,0.182359687988688,-0.671481349993161,0.0385235389161947,0.178244194162682,0.239951847075499,33.5313889740228,484229.799554296,4977311.84571112,-1.34894322928088
260,fixed,coarse,xy,2,1,accepted,0.40197148435065,0.446381928268844,0.182354466784321,-0.671450083216725,0.0385218822186487,0.178239210463149,0.239952960610939,33.5314022173091,484229.799549064,4977311.84571157,-1.34894268357268
260,fixed,coarse,xy,3,1,accepted,0.40197148435065,0.446381928264937,0.182356179677496,-0.671453352090257,0.0385269204782305,0.178239873948102,0.239952527746844,33.5313842558568,484229.799550876,4977311.84570683,-1.34894274062529
260,fixed,coarse,xyz,1,1,accepted,0.232985396222752,0.266487542619264,0.356311546614109,-1.31822188687622,0.230324886534349,0.271860929325046,0.128980023894326,20.7570590509285,484229.935022246,4977311.68078603,-1.3602309810556
260,fixed,coarse,xyz,2,1,accepted,0.232985396222752,0.266487542619264,0.356311546562194,-1.31822188680265,0.230324886520877,0.271860929268419,0.128980023894565,20.7570590508577,484229.935022246,4977311.68078603,-1.36023098105432
260,fixed,coarse,xyz,3,1,accepted,0.232985396222752,0.266487542619264,0.356311546614109,-1.31822188682663,0.230324886534349,0.271860929325046,0.1289800238938,20.7570590507894,484229.935022246,4977311.68078603,-1.36023098105474
260,fixed,coarse,xyzNoCross,1,1,accepted,0.34056560449919,0.38534026469451,0.258637780183171,-1.08730447824167,0.0923538955340626,0.241586960156715,0.171878097517216,29.9498654459524,484229.873636319,4977311.80800346,-1.35620071197476
260,fixed,coarse,xyzNoCross,2,1,accepted,0.34056560449919,0.38534026469451,0.258637780183171,-1.08730447824166,0.0923538955340626,0.241586960156715,0.171878097517372,29.9498654459516,484229.873636319,4977311.80800346,-1.35620071197476
260,fixed,coarse,xyzNoCross,3,1,accepted,0.34056560449919,0.38534026469451,0.258637780183171,-1.08730447824168,0.0923538955340626,0.241586960156715,0.171878097517285,29.9498654459518,484229.873636319,4977311.80800346,-1.35620071197476
260,fixed,coarse,xyzExactPose,1,0,insufficientOverlap,0.108045595656835,0.143723413326755,1.29462079061191,-7.78060073844661,0.539596288969844,1.17680875099338,0.0120617312779505,14.7383700371386,484230.886979141,4977311.58936705,-1.47302076952676
260,fixed,coarse,xyzExactPose,2,0,insufficientOverlap,0.108045595656835,0.143723413330925,1.29462015730975,-7.78058101025821,0.53960079451613,1.17680598837288,0.0120618689051564,14.738361573941,484230.886977496,4977311.58936202,-1.47302042520491
260,fixed,coarse,xyzExactPose,3,0,insufficientOverlap,0.108045595656835,0.143723413330764,1.29462373919883,-7.78060353891091,0.539602863757457,1.17680898004812,0.012061521047726,14.7383552241915,484230.886980885,4977311.5893607,-1.47302081840408
260,fixed,coarse,xyzWideHeight,1,1,accepted,0.223225385800723,0.259868051408299,0.196635870991662,-0.769014707184525,-0.0117365189625373,0.19628530225998,0.129901123517246,22.4716018747867,484229.805472587,4977311.8987821,-1.35064550749439
260,fixed,coarse,xyzWideHeight,2,1,accepted,0.223225385800723,0.259868051407909,0.196637247336249,-0.76902367673683,-0.0117362891308405,0.196286694804855,0.129900867451507,22.4716003510828,484229.805473995,4977311.89878219,-1.35064566404261
260,fixed,coarse,xyzWideHeight,3,1,accepted,0.223225385800723,0.259868051407909,0.196637247169083,-0.769023675597734,-0.0117362891712578,0.196286694634974,0.12990086748527,22.4716003514037,484229.805473995,4977311.89878219,-1.35064566402273
260,fixed,fine,xy,1,1,accepted,0.401941693368214,0.447843361000673,0.137838864915958,-0.41343117489793,0.0264868346273246,0.135270101178141,0.269619706255287,38.6380186827134,484229.754961184,4977311.84747442,-1.34443940409012
260,fixed,fine,xy,2,1,accepted,0.401941693368214,0.447843361000976,0.137837642553989,-0.413425896591221,0.0264859249031411,0.135269033732286,0.269619836261192,38.6380230926602,484229.754959935,4977311.84747506,-1.34443931196629
260,fixed,fine,xy,3,1,accepted,0.401941693368214,0.447843361001058,0.137838009460771,-0.413424720782151,0.0264878365610173,0.135269033287092,0.269619577489003,38.6380179419358,484229.754960377,4977311.8474732,-1.34443929144455
260,fixed,fine,xyz,1,1,accepted,0.231044799313364,0.265953332069168,0.325219555272807,-0.943436508498639,0.243780493691769,0.215264558223689,0.140868696801657,23.4936222752781,484229.883077072,4977311.65459631,-1.35368974221458
260,fixed,fine,xyz,2,1,accepted,0.231044799313364,0.265953332063417,0.325221472737211,-0.943448756008663,0.243780886548891,0.215267010205459,0.14086887374968,23.4936160953384,484229.883079548,4977311.65459649,-1.35368995597396
260,fixed,fine,xyz,3,1,accepted,0.231044799313364,0.265953332065819,0.325222718026696,-0.943423833032833,0.243786849874121,0.215262138215537,0.140866764657407,23.4936057986674,484229.883076189,4977311.65458956,-1.35368952098597
260,fixed,fine,xyzNoCross,1,1,accepted,0.329486840910957,0.374687615810519,0.20975349086158,-0.743927400534145,0.090939145096913,0.189014811106594,0.211712363398708,33.1556181052798,484229.82216428,4977311.79721173,-1.35020765139289
260,fixed,fine,xyzNoCross,2,1,accepted,0.329486840910957,0.37468761581052,0.209753488303414,-0.743927387683165,0.0909391427728942,0.189014809385883,0.211712363744922,33.1556181153535,484229.822164277,4977311.79721173,-1.35020765116859
260,fixed,fine,xyzNoCross,3,1,accepted,0.329486840910957,0.37468761581052,0.209753488303414,-0.743927387787156,0.0909391427728942,0.189014809385883,0.21171236374271,33.1556181152824,484229.822164277,4977311.79721173,-1.35020765117041
260,fixed,fine,xyzExactPose,1,0,searchBoundary,0.0814732121573951,0.205650007319967,3.54142129448271,-0.479275256748983,3.53699830677514,0.176939997980746,0.0621264013251797,16.1629570939345,484230.608023726,4977308.44193313,-1.34558860011137
260,fixed,fine,xyzExactPose,2,0,searchBoundary,0.0814732121573951,0.180881341536459,2.72276942744532,-0.621308487013244,2.71650141581952,0.184644016641396,0.0420332262118196,13.9486079681388,484230.425610736,4977309.24193313,-1.34806754762673
260,fixed,fine,xyzExactPose,3,0,searchBoundary,0.0814732121573951,0.19808498853169,3.1320061392466,-0.543940465004523,3.12677713379289,0.180906638541455,0.0563559927634849,15.5170756448035,484230.516935062,4977308.84193313,-1.34671722090692
260,fixed,fine,xyzWideHeight,1,1,accepted,0.223028757338352,0.258528543944766,0.158348078957356,-0.52052666417115,-0.0285027895256656,0.155761693296974,0.15998575376765,24.0510448886326,484229.762168737,4977311.90571371,-1.34630857299197
260,fixed,fine,xyzWideHeight,2,1,accepted,0.223028757338352,0.258528543943983,0.158348255221986,-0.520525198860971,-0.0285054543751942,0.155761384825351,0.159985801296901,24.0510469037456,484229.76216782,4977311.90571623,-1.34630854741748
260,fixed,fine,xyzWideHeight,3,1,accepted,0.223028757338352,0.258528543943983,0.158348255221986,-0.520525198861492,-0.0285054543751942,0.155761384825351,0.159985801296913,24.0510469037424,484229.76216782,4977311.90571623,-1.34630854741749
260,futureGrid,coarse,xy,1,1,accepted,0.463476489377781,0.548760036399027,0.187911313501899,-0.746433714593868,-0.0685312541616362,0.174968937086108,0.472352982709505,33.7014166857399,484229.771589648,4977311.94910084,-1.35025139482532
260,futureGrid,coarse,xy,2,1,accepted,0.463476489377781,0.548760036399027,0.187911313501899,-0.74643371460019,-0.0685312541616362,0.174968937086108,0.472352982707379,33.7014166857294,484229.771589648,4977311.94910084,-1.35025139482543
260,futureGrid,coarse,xy,3,1,accepted,0.463476489377781,0.548760036399679,0.18791085892266,-0.746429380539125,-0.0685316799545415,0.17496828210753,0.472354114489838,33.7014243595055,484229.771588912,4977311.9491011,-1.35025131918179
260,futureGrid,coarse,xyz,1,1,accepted,0.203077344798405,0.292601438529346,0.245432844918714,-1.1757096313359,-0.0454036100007257,0.241196586965478,0.18901911314178,21.6443687338861,484229.841371933,4977311.94192991,-1.35774367297198
260,futureGrid,coarse,xyz,2,1,accepted,0.203077344798405,0.292601438529346,0.245432844918714,-1.17570963125397,-0.0454036100007257,0.241196586965478,0.189019113139378,21.6443687339167,484229.841371933,4977311.94192991,-1.35774367297055
260,futureGrid,coarse,xyz,3,1,accepted,0.203077344798405,0.292601438529667,0.245432888794731,-1.17571108984915,-0.0454032972177287,0.241196690491154,0.189018935224005,21.6443694881107,484229.841372106,4977311.94192963,-1.35774369842784
260,futureGrid,coarse,xyzExactPose,1,1,accepted,0.0787126487265873,0.191778517045799,1.54804365456192,-9.56033819817412,0.643498053987601,1.40795930727546,0.0151588590319253,19.412778358041,484231.13590151,4977311.54178753,-1.50408304802008
260,futureGrid,coarse,xyzExactPose,2,1,accepted,0.0787126487265873,0.191778517045601,1.54804309938932,-9.56033660953542,0.643497591447407,1.40795890826696,0.0151590087632932,19.4127769053133,484231.135901015,4977311.54178789,-1.50408302029311
260,futureGrid,coarse,xyzExactPose,3,1,accepted,0.0787126487265873,0.191778517045606,1.54804310568918,-9.56033665112151,0.643497594660606,1.40795891372505,0.0151590090239937,19.4127769030872,484231.135901021,4977311.54178789,-1.50408302101892
260,futureGrid,fine,xy,1,1,accepted,0.465359525635309,0.553921631394395,0.164090723688085,-0.52821849875,-0.0835241387978118,0.141242641714757,0.488633575703945,38.4570350582631,484229.735308994,4977311.95588049,-1.34644282083089
260,futureGrid,fine,xy,2,1,accepted,0.465359525635309,0.553921631394459,0.164090997571461,-0.528220740921004,-0.0835240228503836,0.141243028468261,0.488633272044678,38.4570302027045,484229.735309397,4977311.95588047,-1.34644285996416
260,futureGrid,fine,xy,3,1,accepted,0.465359525635309,0.553921631394475,0.164090943392346,-0.528219924150669,-0.083524097094208,0.141242921620829,0.488633380498548,38.4570319672502,484229.735309276,4977311.95588052,-1.34644284570883
260,futureGrid,fine,xyz,1,1,accepted,0.212656027555444,0.298229534258072,0.214182364005195,-0.957044178437751,-0.0593803947050484,0.205786427578513,0.186338063923481,22.6757041277476,484229.80368832,4977311.94733131,-1.35392724085855
260,futureGrid,fine,xyz,2,1,accepted,0.212656027555444,0.298229534258072,0.214182364362151,-0.957044177773995,-0.0593803956380265,0.205786427680818,0.186338063971363,22.6757041274579,484229.80368832,4977311.94733132,-1.35392724084696
260,futureGrid,fine,xyz,3,1,accepted,0.212656027555444,0.298229534258072,0.214182364362151,-0.957044177776386,-0.0593803956380265,0.205786427680818,0.186338063971416,22.6757041274724,484229.80368832,4977311.94733132,-1.353927240847
260,futureGrid,fine,xyzExactPose,1,1,accepted,0.0572527146246317,0.16569972537854,1.05334206583146,-0.0858775956768519,1.05247317120772,0.0427753613432733,0.247545472844913,11.1700681176527,484229.90244737,4977310.82793969,-1.33872251565602
260,futureGrid,fine,xyzExactPose,2,0,insufficientOverlap,0.0572527146246317,0.1340035183104,1.673927253763,-0.532988963287943,1.67040150946107,0.108587513465864,0.224503092729608,9.3756108936193,484230.109494819,4977310.24202329,-1.34652608114393
260,futureGrid,fine,xyzExactPose,3,0,insufficientOverlap,0.0572527146246317,0.134003518310396,1.67392725256474,-0.532988958076656,1.67040150831253,0.108587512662136,0.224503091555008,9.37561088826865,484230.109494818,4977310.24202329,-1.34652608105297
260,fineSelf,coarse,xy,1,1,accepted,0.881138835393048,0.888043171725135,0.0396307652341589,0.148522458514118,-0.00678608838276307,-0.039045442211689,2.49592138641351,56.5352711966733,484229.577677885,4977311.8394977,-1.33463146294353
260,fineSelf,coarse,xy,2,1,accepted,0.881138835393048,0.888043171725135,0.0396307652341589,0.148522458503698,-0.00678608838276307,-0.039045442211689,2.49592138642074,56.5352711967096,484229.577677885,4977311.8394977,-1.33463146294372
260,fineSelf,coarse,xy,3,1,accepted,0.881138835393048,0.888043171725134,0.0396307652341589,0.148522458526547,-0.00678608838276307,-0.039045442211689,2.49592138640988,56.5352711966904,484229.577677885,4977311.8394977,-1.33463146294332
260,fineSelf,coarse,xyz,1,1,accepted,0.424763874836555,0.426383876358176,0.0312475549654118,0.131159180467326,-0.00881429678386975,-0.0299786234427516,1.07681553963865,41.2816133224813,484229.586029062,4977311.84356939,-1.33493450931439
260,fineSelf,coarse,xyz,2,1,accepted,0.424763874836555,0.426383876359488,0.0312474990428809,0.131156996195942,-0.00881400645594231,-0.0299786505138149,1.07681582782023,41.2816094195014,484229.586029103,4977311.8435691,-1.33493454743712
260,fineSelf,coarse,xyz,3,1,accepted,0.424763874836555,0.426383876359427,0.0312476296844513,0.131157553196725,-0.00881406178756197,-0.029978770416774,1.07681574074907,41.2816085631714,484229.586028974,4977311.84356913,-1.33493453771562
260,fineSelf,coarse,xyzExactPose,1,1,accepted,0.726337276243894,0.73085061804818,0.0283962535638283,0.0941447742600654,-0.00729176160690111,-0.0274440782160624,4.53772118120732,67.1491548509446,484229.588847182,4977311.84267483,-1.33558053257338
260,fineSelf,coarse,xyzExactPose,2,1,accepted,0.726337276243894,0.73085061804818,0.0283962535638283,0.0941447742591876,-0.00729176160690111,-0.0274440782160624,4.53772118120922,67.1491548509584,484229.588847182,4977311.84267483,-1.33558053257339
260,fineSelf,coarse,xyzExactPose,3,1,accepted,0.726337276243894,0.73085061804818,0.0283962535638283,0.094144774259671,-0.00729176160690111,-0.0274440782160624,4.53772118121276,67.1491548509971,484229.588847182,4977311.84267483,-1.33558053257338
260,fineSelf,fine,xy,1,1,accepted,0.999999999933278,0.99999999998736,1.65299348152985e-06,9.52305106945028e-06,-7.55673874617987e-07,-1.47015116406443e-06,3.83067930734321,71.8111157600126,484229.617232142,4977311.84193353,-1.33722350264917
260,fineSelf,fine,xy,2,1,accepted,0.999999999933278,0.999999999999981,1.94369142390031e-08,1.38101465379768e-07,1.85854380619142e-08,5.68991451439422e-09,3.83067890732445,71.811113621726,484229.617233757,4977311.84193311,-1.33722366644744
260,fineSelf,fine,xy,3,1,accepted,0.999999999933278,1,0,0,0,0,3.8306789156093,71.8111136665853,484229.617233747,4977311.84193313,-1.33722366885776
260,fineSelf,fine,xyz,1,1,accepted,0.48619859499969,0.486198613398129,8.09247370056914e-05,-0.000352118813988934,4.19517391008937e-05,6.92016231446262e-05,1.72069077994857,43.5724083754849,484229.617310779,4977311.84190833,-1.33722981449042
260,fineSelf,fine,xyz,2,1,accepted,0.48619859499969,0.486198613398129,8.09247370056914e-05,-0.000352118834395373,4.19517391008937e-05,6.92016231446262e-05,1.72069077998236,43.5724083755152,484229.617310779,4977311.84190833,-1.33722981449078
260,fineSelf,fine,xyz,3,1,accepted,0.48619859499969,0.486198613398129,8.09247370056914e-05,-0.000352118890131414,4.19517391008937e-05,6.92016231446262e-05,1.72069077991554,43.5724083754706,484229.617310779,4977311.84190833,-1.33722981449175
260,fineSelf,fine,xyzExactPose,1,1,accepted,0.999999999979794,0.999999999999993,1.52748259407065e-08,-1.08784511770097e-08,-1.39340203671743e-08,-6.25806550988825e-09,7.72618288461674,106.134042015962,484229.617233738,4977311.84193314,-1.33722366904763
260,fineSelf,fine,xyzExactPose,2,1,accepted,0.999999999979794,0.999999999998467,2.73461845920514e-07,4.51469470203234e-07,-2.32439011065168e-07,-1.44060707027633e-07,7.72618333123825,106.134042581273,484229.617233553,4977311.84193332,-1.33722366097813
260,fineSelf,fine,xyzExactPose,3,1,accepted,0.999999999979794,1,0,0,0,0,7.72618285504594,106.134041980676,484229.617233747,4977311.84193313,-1.33722366885776
260,coarseSelf,coarse,xy,1,1,accepted,1,1,1.16415321826935e-10,5.60612201485995e-09,-2.6944866191076e-11,-1.13254144922002e-10,3.64186023983223,67.6509592611659,484229.617233747,4977311.84193313,-1.33722366875992
260,coarseSelf,coarse,xy,2,1,accepted,1,0.999999999999983,6.56747780408402e-08,-3.4873708326987e-07,2.23508627751062e-08,6.17544767925532e-08,3.64186022933077,67.6509592112865,484229.617233812,4977311.84193312,-1.33722367494437
260,coarseSelf,coarse,xy,3,1,accepted,1,1,0,0,0,0,3.64186023972717,67.6509592610838,484229.617233747,4977311.84193313,-1.33722366885776
260,coarseSelf,coarse,xyz,1,1,accepted,0.584075463490105,0.584075472130744,6.214194423311e-05,-0.000376229145693731,3.29865159906425e-05,5.26641338661336e-05,1.54266045048838,66.6492866306374,484229.617292616,4977311.84191323,-1.3372302352951
260,coarseSelf,coarse,xyz,2,1,accepted,0.584075463490105,0.584075472130745,6.21444256238949e-05,-0.000376246729046788,3.29871222501318e-05,5.26666820843943e-05,1.54266045161177,66.6492866367807,484229.617292619,4977311.84191323,-1.33723023560198
260,coarseSelf,coarse,xyz,3,1,accepted,0.584075463490105,0.584075472130744,6.21413376726404e-05,-0.000376224692166566,3.29863677938784e-05,5.26635109683365e-05,1.54266045021255,66.6492866289991,484229.617292615,4977311.84191323,-1.33723023521737
260,coarseSelf,coarse,xyzExactPose,1,1,accepted,1,0.99999999999996,5.25942534489118e-08,3.24009415621176e-07,6.73645722179069e-09,-5.2161054820118e-08,7.57825759130718,108.777417657443,484229.617233698,4977311.84193311,-1.33722366320273
260,coarseSelf,coarse,xyzExactPose,2,1,accepted,1,0.999999999992982,9.87848817479858e-07,-5.126365518264e-06,1.36093935619042e-07,9.7842921403854e-07,7.57825797737707,108.777420202362,484229.61723473,4977311.84193322,-1.33722375832972
260,coarseSelf,coarse,xyzExactPose,3,1,accepted,1,1,0,0,0,0,7.57825766085097,108.777417807096,484229.617233747,4977311.84193313,-1.33722366885776
550,fixed,coarse,xy,1,0,searchBoundary,0.299133090873668,0.413664510052211,3.61710173559898,-0.475028332245441,3.61678986793627,-0.0474975459017963,0.0147421083861784,16.3937327018078,484320.218936824,4976929.11597942,-1.21772807310525
550,fixed,coarse,xy,2,0,searchBoundary,0.299133090873668,0.405907114653634,2.78286126091615,-0.489633183015904,2.78284723995031,0.00883383318630837,0.013286334677819,17.2011981147499,484319.97679321,4976929.91597942,-1.21798297583796
550,fixed,coarse,xy,3,0,searchBoundary,0.299133090873668,0.411039673706393,3.19969161888705,-0.478898768582211,3.19963016856631,-0.0198302893658988,0.014166531867219,16.851349195037,484320.097332171,4976929.51597942,-1.21779562496282
550,fixed,coarse,xyz,1,0,searchBoundary,0.158940955348539,0.330350204165903,3.62173445686742,-0.602024300812869,3.62156669555752,-0.0348589398757249,0.0190713861196678,12.6241845083578,484320.232448021,4976929.11597942,-1.21994457089351
550,fixed,coarse,xyz,2,0,searchBoundary,0.158940955348539,0.301343810242359,2.78523333318818,-0.575276640613889,2.78519272795699,0.0150395624287405,0.0132704427209135,12.1368928597487,484319.983427393,4976929.91597942,-1.21947773615584
550,fixed,coarse,xyz,3,0,searchBoundary,0.158940955348539,0.317251104306982,3.20279776738379,-0.572127250154777,3.20277710668646,-0.0115040707449934,0.0164133903795261,12.4448811636681,484320.106233246,4976929.51597942,-1.21942276892289
550,fixed,coarse,xyzNoCross,1,0,searchBoundary,0.212665410143387,0.359860358382496,3.61485762876947,-0.426891913936569,3.61445927718511,-0.0536638597500914,0.0172815621841492,13.1875281305936,484320.212344777,4976929.11597942,-1.21688793411564
550,fixed,coarse,xyzNoCross,2,0,searchBoundary,0.212665410143387,0.341347638714319,2.77482643933719,-0.361628994941334,2.77479845625486,-0.0124617659396097,0.01404111643614,13.2031737191283,484319.954027326,4976929.91597942,-1.21574888129971
550,fixed,coarse,xyzNoCross,3,0,searchBoundary,0.212665410143387,0.351973148955154,3.19729554517076,-0.432772478100527,3.19718743026276,-0.0262933249809927,0.0158632913148588,13.2554642773792,484320.090422917,4976929.51597942,-1.21699056932218
550,fixed,coarse,xyzExactPose,1,0,searchBoundary,0.0204616883006546,0.133747173805193,3.62613003780822,-0.887765458525417,3.6260572350453,-0.0229777995184823,0.00997890033997675,4.48325486165203,484320.245149456,4976929.11597942,-1.22493169490406
550,fixed,coarse,xyzExactPose,2,0,searchBoundary,0.0204616883006546,0.102731372769247,2.86440741492773,-2.13536387802394,2.85705062300069,0.205162316969627,-0.000569915057455303,3.64426298581623,484320.186676548,4976929.91597942,-1.24670639506698
550,fixed,coarse,xyzExactPose,3,0,searchBoundary,0.0204616883006546,0.119139144601565,3.21264025046266,-1.11657049734398,3.21260750384025,0.0145053494303786,0.00486511911519884,4.0227156740081,484320.134038401,4976929.51597942,-1.22892509617659
550,fixed,coarse,xyzWideHeight,1,0,searchBoundary,0.13596493939596,0.193190043695516,3.61646059709795,-0.486545949962294,3.61612514570378,-0.0492562784915613,0.00718576593898301,7.33770605097083,484320.217056666,4976929.11597942,-1.2179290934564
550,fixed,coarse,xyzWideHeight,2,0,searchBoundary,0.13596493939596,0.188372173132942,2.78134213413052,-0.495569962290412,2.78133792212905,0.00484045623751905,0.00634391108158659,7.65033097983431,484319.972524123,4976929.91597942,-1.21808659218326
550,fixed,coarse,xyzWideHeight,3,0,searchBoundary,0.13596493939596,0.191383453123959,3.19853891545252,-0.487032904896892,3.19845668636061,-0.0229351071345818,0.00684153336608279,7.51886938849053,484320.094012992,4976929.51597942,-1.21793759242331
550,fixed,fine,xy,1,0,searchBoundary,0.43740095121928,0.73554558804318,3.60656049903277,-0.237157263893195,3.60574435848296,-0.0767219294061101,0.0288909903618328,41.8123567996011,484320.187694739,4976929.11597942,-1.21357643976727
550,fixed,fine,xy,2,0,searchBoundary,0.43740095121928,0.69761677760048,2.76644457111236,-0.156802317269811,2.76622118523611,-0.0351556451791325,0.0223837541765842,41.1022728883724,484319.929766623,4976929.91597942,-1.21217398137843
550,fixed,fine,xy,3,0,searchBoundary,0.43740095121928,0.71896418716542,3.18654102091071,-0.199634357434123,3.18605325748228,-0.0557522953178289,0.0259590545870489,41.6288865704658,484320.058930049,4976929.51597942,-1.21292154150464
550,fixed,fine,xyz,1,0,searchBoundary,0.250388888300499,0.597212636079336,3.61111828494723,-0.340314420848577,3.61055102553939,-0.0640043737308047,0.0341438298589139,33.6997591608318,484320.201290337,4976929.11597942,-1.21537687180314
550,fixed,fine,xyz,2,0,searchBoundary,0.250388888300499,0.528852622572086,2.77395812243695,-0.323502445420028,2.7739186969504,-0.0147894470134243,0.0201838895388146,30.5199104143127,484319.951538938,4976929.91597942,-1.21508344747814
550,fixed,fine,xyz,3,0,searchBoundary,0.250388888300499,0.565118110461062,3.19213925793783,-0.319109790974733,3.19188455893954,-0.0403237457487253,0.0275477142270341,32.2608371758927,484320.075423812,4976929.51597942,-1.21500678119517
550,fixed,fine,xyzNoCross,1,0,searchBoundary,0.333260983022637,0.661543822048579,3.60539543864653,-0.230798214877153,3.6045079189336,-0.0799933207098031,0.0334652865358259,36.0659079887052,484320.184197485,4976929.11597942,-1.21346545342464
550,fixed,fine,xyzNoCross,2,0,searchBoundary,0.333260983022637,0.60853812122583,2.77027155616119,-0.229888327886029,2.77016116191609,-0.0247311926013309,0.0238346402921895,33.8224974399878,484319.940910797,4976929.91597942,-1.21344957290083
550,fixed,fine,xyzNoCross,3,0,searchBoundary,0.333260983022637,0.637067769379882,3.18866694724726,-0.236219981062176,3.18827696503529,-0.049868774724654,0.0290798307245964,35.0594382132578,484320.065219778,4976929.51597942,-1.21356008109584
550,fixed,fine,xyzExactPose,1,0,searchBoundary,0.043323317013723,0.276241913998147,3.614651136628,-0.634076344474233,3.61424427106407,-0.0542327263436768,0.0192963339124593,15.0239062749905,484320.211736635,4976929.11597942,-1.2205039845874
550,fixed,fine,xyzExactPose,2,0,searchBoundary,0.043323317013723,0.213147229587664,2.78187862606013,-0.972694405372642,2.78187159961902,0.00625246857615092,-0.0011179658444533,11.507873069086,484319.974033623,4976929.91597942,-1.22641398465679
550,fixed,fine,xyzExactPose,3,0,searchBoundary,0.043323317013723,0.244603174067214,3.20148187777935,-0.798212430056836,3.20144662373952,-0.0150242835565049,0.00871640614500587,13.12672894362,484320.102469992,4976929.51597942,-1.22336869970215
550,fixed,fine,xyzWideHeight,1,0,searchBoundary,0.20204337917024,0.345622083243958,3.60552957564783,-0.267560680630895,3.60465043723177,-0.0796162435437653,0.0139479492835256,18.901220930556,484320.184600597,4976929.11597942,-1.2141070794932
550,fixed,fine,xyzWideHeight,2,0,searchBoundary,0.20204337917024,0.32672571297343,2.76061544130454,-0.12845649980574,2.76013975427711,-0.0512459913376554,0.0107446426239972,18.580343465688,484319.912565372,4976929.91597942,-1.21167925353451
550,fixed,fine,xyzWideHeight,3,0,searchBoundary,0.20204337917024,0.337252217699375,3.1851551019072,-0.231984363953499,3.18459736024885,-0.0596043312309225,0.0125002870982816,18.786873792025,484320.054812062,4976929.51597942,-1.21348615563144
550,futureGrid,coarse,xy,1,0,searchBoundary,0.290515234697661,0.386425611461992,3.61377751989547,-0.34940552486711,3.61333358848619,-0.0566422247030842,0.565461574404031,13.9122934660222,484320.209160781,4976929.11597942,-1.2155355415009
550,futureGrid,coarse,xy,2,0,searchBoundary,0.290515234697661,0.387746079247156,2.76523271341396,-0.205502027136645,2.76496497242474,-0.0384793528919974,0.588310645722998,14.9064423238815,484319.926213441,4976929.91597942,-1.21302395166037
550,futureGrid,coarse,xy,3,1,accepted,0.290515234697661,0.389595262395732,2.80798617216591,-0.160160622856114,2.80728510391965,-0.0627430345602717,0.642494897765099,14.5880986988302,484319.918478882,4976929.86781412,-1.21223259486819
550,futureGrid,coarse,xyz,1,0,searchBoundary,0.118743402316797,0.203132131936543,3.60439763751364,-0.329260892722571,3.60344643195397,-0.0828018197390921,0.360275558868042,6.9851894548117,484320.181195083,4976929.11597942,-1.21518395134338
550,futureGrid,coarse,xyz,2,0,searchBoundary,0.118743402316797,0.194127192163063,2.76081762092054,-0.294954267099309,2.7603523542719,-0.050683490910943,0.338295915960215,6.88297975132512,484319.913166708,4976929.91597942,-1.214585187771
550,futureGrid,coarse,xyz,3,1,accepted,0.118743402316797,0.194999186167637,2.81628250613716,-0.230180712583924,2.81538628595597,-0.071043755709001,0.356779972528562,6.80402164791482,484319.913578384,4976929.85730145,-1.21345467597649
550,futureGrid,coarse,xyzExactPose,1,0,insufficientOverlap,0.0147737411615643,0.100664235114304,1.24179873092085,-1.22106441688558,1.23992100402919,0.0682641332170439,0.134605156629696,3.98148736864958,484319.486890168,4976931.38027049,-1.23074885912091
550,futureGrid,coarse,xyzExactPose,2,0,insufficientOverlap,0.0147737411615643,0.100664235131633,1.24179832130968,-1.22113074039936,1.23992021009455,0.0682711022806451,0.134613552382496,3.98157096559975,484319.486896406,4976931.3802737,-1.2307500166846
550,futureGrid,coarse,xyzExactPose,3,0,insufficientOverlap,0.0147737411615643,0.100664235131622,1.24179810569105,-1.22113052991279,1.23991999286999,0.0682711255156216,0.134613572964942,3.98157156001015,484319.486896351,4976931.38027391,-1.23075001301091
550,futureGrid,fine,xy,1,0,searchBoundary,0.486592837883659,0.644289781529449,3.59809090786337,-0.101314377499003,3.59668146415619,-0.100700678470096,1.08600212301602,31.856958604245,484320.162060456,4976929.11597942,-1.21120553413428
550,futureGrid,fine,xy,2,1,accepted,0.486592837883659,0.644863445695119,2.69685504830811,-0.00197160593621987,2.69599460479138,-0.0681193256034819,0.894406650614045,33.3438317113229,484319.874103513,4976929.9700164,-1.20947167568245
550,futureGrid,fine,xy,3,0,searchBoundary,0.486592837883659,0.586905705324844,3.19365976354089,-0.307488236050282,3.19345494788801,-0.0361687858462338,-1.38263354400225,29.6094646939581,484320.079865637,4976929.51597942,-1.21480394679754
550,futureGrid,fine,xyz,1,0,searchBoundary,0.219473713854609,0.346232404360335,3.59695777158547,-0.173872583862738,3.59545557971828,-0.103944142893075,0.625056553915338,17.5511877581501,484320.158593057,4976929.11597942,-1.21247191373467
550,futureGrid,fine,xyz,2,1,accepted,0.219473713854609,0.335252818605236,2.70630309690504,-0.0352379275389722,2.70506838124314,-0.0817404741633181,0.496424912605613,17.6849594747069,484319.864570053,4976929.95671293,-1.21005228252444
550,futureGrid,fine,xyz,3,0,searchBoundary,0.219473713854609,0.310504288246235,3.18627651946604,-0.333542449754225,3.18577578314107,-0.0564864413157355,-0.774578436658242,15.8794391355224,484320.058145216,4976929.51597942,-1.21525867861069
550,futureGrid,fine,xyzExactPose,1,1,accepted,0.0384020769854087,0.212585207148395,1.35334520395481,-0.386709735257849,1.35330948415672,-0.00983265777740788,0.396282900352824,12.4031122813271,484319.453925113,4976931.24659416,-1.21618662279708
550,futureGrid,fine,xyzExactPose,2,1,accepted,0.0384020769854087,0.212585207144018,1.35334334017978,-0.386739773758404,1.35330763701509,-0.0098303614172105,0.39628830460974,12.403128460622,484319.453926608,4976931.2465967,-1.21618714706781
550,futureGrid,fine,xyzExactPose,3,1,accepted,0.0384020769854087,0.212585207137034,1.35334704538293,-0.386676683106774,1.35331128920157,-0.00983767077557218,0.396283387038607,12.4030759628314,484319.453921062,4976931.2465907,-1.21618604592821
550,fineSelf,coarse,xy,1,1,accepted,0.725672244151111,0.729413526935546,0.0258946601390797,-0.219660667962973,-0.00045648727764047,0.0258906362046937,2.06185394979747,33.5175300536418,484319.008722956,4976932.52555995,-1.21327106656039
550,fineSelf,coarse,xy,2,1,accepted,0.725672244151111,0.729413526935546,0.025894659794508,-0.219660667946689,-0.000456486406465317,0.0258906358754284,2.06185394980703,33.5175300536258,484319.008722956,4976932.52555995,-1.21327106656011
550,fineSelf,coarse,xy,3,1,accepted,0.725672244151111,0.729413526935546,0.0258946601390797,-0.219660667961205,-0.00045648727764047,0.0258906362046937,2.06185394979834,33.5175300536369,484319.008722956,4976932.52555995,-1.21327106656036
550,fineSelf,coarse,xyz,1,1,accepted,0.288223483737675,0.289564177742573,0.022379404824208,-0.180215727552519,0.00902556707612803,0.0204786937874489,0.927961761402997,12.5198043464726,484319.007012873,4976932.51477691,-1.21258262247698
550,fineSelf,coarse,xyz,2,1,accepted,0.288223483737675,0.289564177742573,0.022379404824208,-0.18021572757519,0.00902556707612803,0.0204786937874489,0.927961761398126,12.5198043464781,484319.007012873,4976932.51477691,-1.21258262247737
550,fineSelf,coarse,xyz,3,1,accepted,0.288223483737675,0.289564177742573,0.022379404824208,-0.180215727569541,0.00902556707612803,0.0204786937874489,0.92796176139969,12.5198043464777,484319.007012873,4976932.51477691,-1.21258262247728
550,fineSelf,coarse,xyzExactPose,1,1,accepted,0.639033771741237,0.64124903816162,0.0276366560439094,-0.13985051960822,-0.0136637055737312,0.024022654043293,3.05740361165311,59.0711108172685,484319.002306256,4976932.5372538,-1.2118781166951
550,fineSelf,coarse,xyzExactPose,2,1,accepted,0.639033771741237,0.64124903816162,0.027636626773777,-0.139850474965827,-0.0136636926159052,0.0240226277399269,3.05740366527069,59.0711116422016,484319.002306236,4976932.53725377,-1.21187811591594
550,fineSelf,coarse,xyzExactPose,3,1,accepted,0.639033771741237,0.641249038161621,0.0276366308042303,-0.139850429170534,-0.013663696724832,0.0240226300396344,3.05740371111749,59.0711115544648,484319.002306237,4976932.53725378,-1.21187811511666
550,fineSelf,fine,xy,1,1,accepted,0.999999999980183,0.999999999765848,5.0371293056863e-06,-6.35719842566852e-07,-4.55805606981676e-06,2.14401411063695e-06,3.86624195549489,68.8437926469526,484318.984666193,4976932.51598444,-1.20943727576271
550,fineSelf,fine,xy,2,1,accepted,0.999999999980183,0.999999999999996,2.3744159907069e-08,1.39260052394694e-07,-3.87575500857663e-09,-2.34257049585697e-08,3.86624146688346,68.8437806111203,484318.984665776,4976932.51597942,-1.20943726223676
550,fineSelf,fine,xy,3,1,accepted,0.999999999980183,1,0,0,0,0,3.86624145701328,68.8437806038555,484318.984665799,4976932.51597942,-1.20943726466731
550,fineSelf,fine,xyz,1,1,accepted,0.407449903676728,0.407449990827156,0.000188581092590465,0.000151691488743406,0.000187086599526699,-2.36945723774484e-05,1.67003222451149,27.2292757393363,484318.984709778,4976932.51579604,-1.20943461715138
550,fineSelf,fine,xyz,2,1,accepted,0.407449903676728,0.407449990827158,0.000188580349847119,0.000151684593987856,0.00018708597530047,-2.36935897308535e-05,1.67003222451321,27.2292757395435,484318.984709779,4976932.51579604,-1.20943461727172
550,fineSelf,fine,xyz,3,1,accepted,0.407449903676728,0.407449990827962,0.000188473986149478,0.000148236880829926,0.000187032896253681,-2.32623982863681e-05,1.6700322122246,27.2292758081612,484318.984710164,4976932.51579624,-1.20943467744567
550,fineSelf,fine,xyzExactPose,1,1,accepted,0.999999999986715,0.999999999999566,2.56954968250025e-07,-9.43796027789081e-07,-1.7470121828105e-07,1.88428607274713e-07,7.21254889598303,136.438201316319,484318.984665914,4976932.51597965,-1.20943728113966
550,fineSelf,fine,xyzExactPose,2,1,accepted,0.999999999986715,0.999999999999918,6.55699417989556e-08,-8.26499193969484e-08,3.32968772116311e-08,5.64865934135878e-08,7.21254875961593,136.43820030524,484318.984665864,4976932.51597941,-1.20943726610982
550,fineSelf,fine,xyzExactPose,3,1,accepted,0.999999999986715,1,0,0,0,0,7.21254884939417,136.438200526271,484318.984665799,4976932.51597942,-1.20943726466731
550,coarseSelf,coarse,xy,1,1,accepted,1,0.999999999999999,6.94820047650513e-09,-1.34159231463187e-08,4.10894415060758e-09,5.60304094478113e-09,8.3825480441276,77.964610463791,484318.984665806,4976932.51597942,-1.20943726490146
550,coarseSelf,coarse,xy,2,1,accepted,1,0.999999999999998,1.0170862292956e-08,3.75401505164075e-08,-2.70958423255021e-09,-9.80329501081083e-09,8.38254805923894,77.9646104854054,484318.984665789,4976932.51597942,-1.20943726401211
550,coarseSelf,coarse,xy,3,1,accepted,1,1,0,0,0,0,8.38254805085316,77.9646104757155,484318.984665799,4976932.51597942,-1.20943726466731
550,coarseSelf,coarse,xyz,1,1,accepted,0.583602699947596,0.583602729794731,0.000121098244304463,0.0002796133243575,0.000108697024984448,-5.33829704414594e-05,3.42186625061316,108.949354034478,484318.984654293,4976932.51585887,-1.20943238449417
550,coarseSelf,coarse,xyz,2,1,accepted,0.583602699947596,0.583602729794723,0.000121110636718225,0.000279589823060848,0.000108702766477658,-5.33993903185945e-05,3.4218662826311,108.949353998787,484318.98465428,4976932.51585886,-1.20943238490434
550,coarseSelf,coarse,xyz,3,1,accepted,0.583602699947596,0.583602729794732,0.000121067959564651,0.000279576273376294,0.000108667123776118,-5.33751538018763e-05,3.42186625888518,108.949354181446,484318.98465429,4976932.5158589,-1.20943238514083
550,coarseSelf,coarse,xyzExactPose,1,1,accepted,1,0.999999999999872,1.22107422848472e-07,2.59363356776339e-07,1.04664440785669e-07,-6.28933824000483e-08,12.3551641364651,168.028545512361,484318.984665777,4976932.5159793,-1.20943726014057
550,coarseSelf,coarse,xyzExactPose,2,1,accepted,1,0.999999999985784,1.17357924047931e-06,4.58221534619829e-06,6.43639048685353e-07,-9.81334300170641e-07,12.3551646646845,168.028541648912,484318.984665109,4976932.51597847,-1.20943718469257
550,coarseSelf,coarse,xyzExactPose,3,1,accepted,1,1,0,0,0,0,12.3551641392267,168.028546223547,484318.984665799,4976932.51597942,-1.20943726466731
900,fixed,coarse,xy,1,0,searchBoundary,0.289438806680872,0.355300378463139,3.52140726545842,0.223682800441539,3.51836812954315,0.146269731108001,0.0108304174993265,11.3588360712746,484400.071437379,4976621.9628712,0.0726756351243018
900,fixed,coarse,xy,2,0,searchBoundary,0.289438806680872,0.339041583271295,2.51673426925535,0.126891808065666,2.51400084858526,0.117265149796849,0.0100220127281886,9.50905949225044,484399.071437379,4976621.86491764,0.0709863136210701
900,fixed,coarse,xy,3,0,searchBoundary,0.289438806680872,0.348493181500625,3.01984729642856,0.137425344463709,3.01666104615005,0.13868607135452,0.0104378030073001,10.4505786874844,484399.571437379,4976621.92082945,0.0711701585130946
900,fixed,coarse,xyz,1,0,searchBoundary,0.17653023366274,0.20725136818773,3.51275339523693,0.711558418538001,3.51227715367609,0.0578412613417017,0.00704540391388805,6.2829631364629,484400.071437379,4976621.87423321,0.0811906710002875
900,fixed,coarse,xyz,2,0,searchBoundary,0.17653023366274,0.201647484144907,2.50956526137559,0.493453481454228,2.5091327473943,0.0465903107596999,0.00704476379484442,5.56501206638176,484399.071437379,4976621.79407534,0.0773840217333205
900,fixed,coarse,xyz,3,0,searchBoundary,0.17653023366274,0.20533926699867,3.01123949252331,0.593487664594697,3.01077016981522,0.053162636154506,0.00706446945028867,5.87030823059441,484399.571437379,4976621.83510337,0.0791299475936647
900,fixed,coarse,xyzNoCross,1,0,searchBoundary,0.186640049486666,0.230975915582314,3.51837837235064,0.350960937395797,3.5164062132528,0.117786732791931,0.00811052863035978,6.46026596639672,484400.071437379,4976621.93432072,0.0748970576799578
900,fixed,coarse,xyzNoCross,2,0,searchBoundary,0.186640049486666,0.220735549996502,2.51546676627746,0.152230875035646,2.51322954648864,0.106067426210358,0.00734713717636369,5.62918503190516,484399.071437379,4976621.85369338,0.0714285637690796
900,fixed,coarse,xyzNoCross,3,0,searchBoundary,0.186640049486666,0.226839101892515,3.01696980911549,0.243861603482442,3.01486656840945,0.112633937165446,0.0077991475176446,5.98668776803135,484399.571437379,4976621.89471558,0.073027821676477
900,fixed,coarse,xyzExactPose,1,0,insufficientOverlap,0.0613026752682422,0.0620470497327113,0.00946008970450892,0.256779693021841,0.00945886195905801,-0.000152406223104317,0.0526522133940297,1.56699914281987,484396.580884355,4976621.57567193,0.0732532848720069
900,fixed,coarse,xyzExactPose,2,0,insufficientOverlap,0.0613026752682422,0.0620470497334663,0.00946664531184192,0.256800083162452,0.00946535072805528,-0.000156553681279175,0.0526521533175423,1.56699810558315,484396.580891113,4976621.57566824,0.0732536407470955
900,fixed,coarse,xyzExactPose,3,0,insufficientOverlap,0.0613026752682422,0.0620470497327205,0.00946004083232747,0.256779638240715,0.00945881320984148,-0.000152398197599247,0.0526522144228507,1.56699913190662,484396.580884306,4976621.57567194,0.0732532839158959
900,fixed,coarse,xyzWideHeight,1,0,searchBoundary,0.141995088994769,0.152980858812131,3.51857490779149,0.369700368377358,3.5165381698478,0.119702471751557,0.00419299970323301,4.31301888673867,484400.071437379,4976621.93624099,0.0752241224505363
900,fixed,coarse,xyzWideHeight,2,0,searchBoundary,0.141995088994769,0.147794274333093,2.51436371686183,0.250109608015983,2.51253241908622,0.0959465669631886,0.00425526145896112,3.81941548655981,484399.071437379,4976621.84354854,0.0731368699272668
900,fixed,coarse,xyzWideHeight,3,0,searchBoundary,0.141995088994769,0.150920861345555,3.01640743776623,0.311096841097509,3.01449865389065,0.107292573381971,0.00422329455896125,4.04009202607543,484399.571437379,4976621.88936156,0.0742012979462206
900,fixed,fine,xy,1,0,searchBoundary,0.276555389772571,0.372743413609163,3.51252286618979,0.809385168399869,3.51209023685654,0.0551276127101839,0.0139489306373953,24.5888674312221,484400.071437379,4976621.87151313,0.082898069881902
900,fixed,fine,xy,2,0,searchBoundary,0.276555389772571,0.355950229125131,2.5065912470859,0.847300920979824,2.50657348947548,0.00943513785514816,0.0130012500514305,24.0890211534253,484399.071437379,4976621.75683213,0.0835598246027937
900,fixed,fine,xy,3,0,searchBoundary,0.276555389772571,0.366082973827659,3.00965092991771,0.818135893641484,3.00945765690394,0.0341076422050987,0.0136542221691106,24.5141244936169,484399.571437379,4976621.81600322,0.0830507988493055
900,fixed,fine,xyz,1,0,searchBoundary,0.167173175440111,0.214864978162366,3.5103018639347,0.898141643859658,3.51019343754526,0.0275899792978724,0.00917349444716054,12.1415054136904,484400.071437379,4976621.84391025,0.0844471626111408
900,fixed,fine,xyz,2,0,searchBoundary,0.167173175440111,0.209235132634882,2.50507067127716,0.889560076590903,2.5050376514174,-0.0128620789207795,0.00917107541803708,12.085292374645,484399.071437379,4976621.73448208,0.0842973860073197
900,fixed,fine,xyz,3,0,searchBoundary,0.167173175440111,0.213233918828487,3.00750834838087,0.902656063516297,3.00750289278529,0.00572847874443555,0.00938492913351867,12.1907901481932,484399.571437379,4976621.78755682,0.0845259540979659
900,fixed,fine,xyzNoCross,1,0,searchBoundary,0.174589430285329,0.239712308646921,3.51061048902807,0.888327923752603,3.51046842567049,0.0315822425491258,0.0103635102014733,13.3134458131489,484400.071437379,4976621.84791197,0.0842758808834036
900,fixed,fine,xyzNoCross,2,0,searchBoundary,0.174589430285329,0.227925162073169,2.50572732063614,0.854915789918921,2.50572567310612,-0.00287341594998192,0.00892570701156138,12.763294822222,484399.071437379,4976621.74449441,0.0836927291378888
900,fixed,fine,xyzNoCross,3,0,searchBoundary,0.174589430285329,0.235064070116731,3.00779344000697,0.894647298190316,3.00777773864275,0.00971867655952829,0.009895897499707,13.0986056251754,484399.571437379,4976621.79155647,0.084386174774008
900,fixed,fine,xyzExactPose,1,0,insufficientOverlap,0.0585282478782408,0.0599551827897529,0.12273279110069,0.515105263480289,0.115833772256338,-0.0405693876738638,0.0439004934922476,2.53945427580105,484396.689785163,4976621.5426603,0.0777619166185994
900,fixed,fine,xyzExactPose,2,0,insufficientOverlap,0.0585282478782408,0.0599551827938454,0.12272386188583,0.515083574958756,0.115825963698212,-0.0405646694742196,0.0439006491158747,2.53946264101104,484396.689777049,4976621.54266447,0.0777615380824888
900,fixed,fine,xyzExactPose,3,0,insufficientOverlap,0.0585282478782408,0.0599551827931721,0.12272632147876,0.515086139561162,0.115828665124913,-0.0405643971863102,0.0439004586050654,2.53946584923865,484396.689779725,4976621.54266493,0.0777615828432448
900,fixed,fine,xyzWideHeight,1,0,searchBoundary,0.131531973913769,0.157974581307465,3.51143563144553,0.860664602452867,3.51118467397733,0.0419806980887058,0.00545731827820863,8.81882192320237,484400.071437379,4976621.85833506,0.0837930648446861
900,fixed,fine,xyzWideHeight,2,0,searchBoundary,0.131531973913769,0.152128075339609,2.50624761417979,0.84756261225511,2.50624331585238,0.00464169442580184,0.00539977709551202,8.66582307555436,484399.071437379,4976621.75202733,0.0835643919771712
900,fixed,fine,xyzWideHeight,3,0,searchBoundary,0.131531973913769,0.155749862358224,3.00858240896354,0.869975022558693,3.0085132661853,0.0203970270370707,0.00553769515664152,8.79956462760038,484399.571437379,4976621.80226012,0.0839555623302766
900,futureGrid,coarse,xy,1,1,accepted,0.434539058307539,0.445631960995386,0.0455950580469667,-0.172703316786991,0.00596965726184553,0.0452025719454364,4.87739786612601,23.1376090550838,484396.57428672,4976621.62067993,0.0657573922694677
900,futureGrid,coarse,xy,2,1,accepted,0.434539058307539,0.445631960995386,0.0455950580433292,-0.172703316770216,0.00596965720377546,0.0452025719494363,4.87739786615212,23.1376090548255,484396.57428672,4976621.62067993,0.0657573922697605
900,futureGrid,coarse,xy,3,1,accepted,0.434539058307539,0.445631960995575,0.0455951612965491,-0.172702964394159,0.00596945870637798,0.0452027023131491,4.87739881985101,23.1376049827614,484396.574286513,4976621.62068005,0.0657573984198829
900,futureGrid,coarse,xyz,1,1,accepted,0.221647369698979,0.230474531710283,0.0533749970406395,-0.195876477824854,0.000680227459618943,0.0533706623501288,2.87253746359409,15.1287455375963,484396.568448503,4976621.62846524,0.0653529443112621
900,futureGrid,coarse,xyz,2,1,accepted,0.221647369698979,0.230474531710317,0.0533749840323607,-0.195876026831964,0.000680226389435337,0.0533706493544333,2.87253779380418,15.1287460347777,484396.568448503,4976621.62846522,0.065352952182573
900,futureGrid,coarse,xyz,3,1,accepted,0.221647369698979,0.230474531710311,0.0533749457664535,-0.195875968590999,0.000680259548530868,0.0533706106627841,2.87253776840326,15.1287458037982,484396.568448539,4976621.62846519,0.0653529531990696
900,futureGrid,coarse,xyzExactPose,1,0,insufficientOverlap,0.111916147099226,0.121988728819526,0.0618711258889353,-0.20017147197094,0.00299312172401501,0.0617986847846271,2.56274242645394,9.92591190463299,484396.570176778,4976621.63703227,0.065277982522059
900,futureGrid,coarse,xyzExactPose,2,0,insufficientOverlap,0.111916147099226,0.121988728819509,0.0618712306673851,-0.200171291197692,0.00299301349472206,0.0617987949277102,2.56274262691192,9.92591072845751,484396.570176663,4976621.63703237,0.0652779856771474
900,futureGrid,coarse,xyzExactPose,3,0,insufficientOverlap,0.111916147099226,0.121988728819484,0.0618712138216627,-0.200170998634839,0.00299301652380112,0.0617987779155394,2.56274287649336,9.92591029259187,484396.570176667,4976621.63703236,0.0652779907833325
900,futureGrid,fine,xy,1,1,accepted,0.480031305476237,0.493473219970042,0.0474356324396639,-0.0973141132118633,0.0170101992621291,0.0442808349742138,4.5775231640689,32.9688937824926,484396.585364503,4976621.62051905,0.06707318209231
900,futureGrid,fine,xy,2,1,accepted,0.480031305476237,0.493473219970044,0.0474356281821034,-0.097314077914015,0.0170102203284973,0.0442808223208054,4.57752271510828,32.9688938649463,484396.585364525,4976621.62051904,0.0670731827083736
900,futureGrid,fine,xy,3,1,accepted,0.480031305476237,0.493473219970043,0.0474356329010884,-0.0973141115768157,0.0170102008300209,0.044280834866217,4.57752313689573,32.9688938224936,484396.585364505,4976621.62051905,0.0670731821208469
900,futureGrid,fine,xyz,1,1,accepted,0.256176254738912,0.26526156742889,0.0472315519454087,-0.128194586632149,0.00573799078765085,0.0468817124355828,3.31255425689338,20.7842697322914,484396.573940215,4976621.62233918,0.0665342161565514
900,futureGrid,fine,xyz,2,1,accepted,0.256176254738912,0.265261567426282,0.0472310975579229,-0.128192408747072,0.00573866451642823,0.0468811721919783,3.31254590561453,20.784268208633,484396.573940924,4976621.62233869,0.0665342541678167
900,futureGrid,fine,xyz,3,1,accepted,0.256176254738912,0.265261567428873,0.0472315488745195,-0.128195102497955,0.0057381597525529,0.0468816886613559,3.31255388303535,20.7842689136853,484396.573940385,4976621.62233917,0.0665342071529946
900,futureGrid,fine,xyzExactPose,1,1,accepted,0.146837500160023,0.155992939269997,0.0506347518986394,-0.152819366729431,-1.98020344469607e-05,0.0506347480265894,3.08145876189666,13.519115091967,484396.567938134,4976621.62568768,0.0661044326662742
900,futureGrid,fine,xyzExactPose,2,1,accepted,0.146837500160023,0.155992939267161,0.0506348101087909,-0.152815912748222,-1.86341750936987e-05,0.0506348066799986,3.08145452922036,13.5191261778285,484396.567939295,4976621.62568782,0.0661044929496186
900,futureGrid,fine,xyzExactPose,3,1,accepted,0.146837500160023,0.155992939269626,0.0506344858878241,-0.152817832536767,-1.98431132261631e-05,0.050634481999672,3.08145821005181,13.5191118679246,484396.567938111,4976621.62568742,0.0661044594429876
900,fineSelf,coarse,xy,1,1,accepted,0.816490342828466,0.819041376645884,0.0162775952110182,-0.0486487238552479,-0.0160107731788418,0.00293517428263533,13.6210360874684,47.3988753689595,484396.555262755,4976621.57700201,0.0679225533683479
900,fineSelf,coarse,xy,2,1,accepted,0.816490342828466,0.819041376645884,0.0162775952110182,-0.0486487238554491,-0.0160107731788418,0.00293517428263533,13.6210360874644,47.3988753689577,484396.555262755,4976621.57700201,0.0679225533683444
900,fineSelf,coarse,xy,3,1,accepted,0.816490342828466,0.819041376645885,0.0162775952110182,-0.0486487238552399,-0.0160107731788418,0.00293517428263533,13.6210360874677,47.3988753689592,484396.555262755,4976621.57700201,0.067922553368348
900,fineSelf,coarse,xyz,1,1,accepted,0.492159143052251,0.492445498084371,0.00510081137665251,-0.0166277875979835,-0.00482529295138567,0.00165373052021647,14.9882774222306,26.9392716167487,484396.566509852,4976621.57649223,0.0684814241356084
900,fineSelf,coarse,xyz,2,1,accepted,0.492159143052251,0.492445498084371,0.00510081137665251,-0.0166277876024251,-0.00482529295138567,0.00165373052021647,14.9882774222194,26.9392716167486,484396.566509852,4976621.57649223,0.0684814241355309
900,fineSelf,coarse,xyz,3,1,accepted,0.492159143052251,0.492445498084371,0.00510081137665251,-0.0166277876048034,-0.00482529295138567,0.00165373052021647,14.9882774222104,26.9392716167446,484396.566509852,4976621.57649223,0.0684814241354894
900,fineSelf,coarse,xyzExactPose,1,1,accepted,0.73123640925791,0.731989855954337,0.00783756657474328,-0.0109540391822893,-0.00772976677846156,0.00129543636050763,16.0486471498218,51.2543892764507,484396.563636865,4976621.57593519,0.0685804497263921
900,fineSelf,coarse,xyzExactPose,2,1,accepted,0.73123640925791,0.731989855954337,0.00783756657474328,-0.0109540391823092,-0.00772976677846156,0.00129543636050763,16.0486471498235,51.2543892764524,484396.563636865,4976621.57593519,0.0685804497263917
900,fineSelf,coarse,xyzExactPose,3,1,accepted,0.73123640925791,0.731989855954337,0.00783756556447865,-0.0109540466998428,-0.00772976561113217,0.00129543721363097,16.0486471444947,51.2543893094739,484396.563636866,4976621.5759352,0.068580449595186
900,fineSelf,fine,xy,1,1,accepted,1,0.999999999999797,5.97000937163702e-08,-5.17742760458509e-07,2.70619849817533e-08,5.32141913270393e-08,16.4204511325312,74.0949110431802,484396.571437402,4976621.57517404,0.0687716247401996
900,fineSelf,fine,xy,2,1,accepted,1,0.999999999999919,4.40853388041307e-08,-1.37274848759719e-07,1.07665513488837e-08,-4.27504206941504e-08,16.4204511911814,74.0949111270222,484396.571437393,4976621.57517395,0.0687716313806174
900,fineSelf,fine,xy,3,1,accepted,1,1,0,0,0,0,16.4204511514948,74.0949111182858,484396.571437379,4976621.57517399,0.0687716337765155
900,fineSelf,fine,xyz,1,1,accepted,0.610237875845882,0.610237985139472,3.03234785427383e-05,-0.000392456273441464,-2.85447694248867e-06,-3.01888276075224e-05,18.2666334272104,40.7632256678842,484396.571436606,4976621.57514368,0.0687647841223738
900,fineSelf,fine,xyz,2,1,accepted,0.610237875845882,0.610237985139472,3.03234785427383e-05,-0.000392456274739925,-2.85447694248867e-06,-3.01888276075224e-05,18.2666334272137,40.7632256678874,484396.571436606,4976621.57514368,0.0687647841223512
900,fineSelf,fine,xyz,3,1,accepted,0.610237875845882,0.610237985139471,3.03234785427383e-05,-0.00039245627422388,-2.85447694248867e-06,-3.01888276075224e-05,18.2666334272139,40.7632256678898,484396.571436606,4976621.57514368,0.0687647841223602
900,fineSelf,fine,xyzExactPose,1,1,accepted,0.999999999966302,0.999999999999982,2.92335192123558e-08,7.22640558310917e-08,-1.4973852129078e-08,-2.51074171900592e-08,22.4980552906698,90.2136431584361,484396.571437366,4976621.57517396,0.0687716350377612
900,fineSelf,fine,xyzExactPose,2,1,accepted,0.999999999966302,0.999999999999993,1.73635511127677e-08,1.07373450734279e-08,1.23357767003652e-08,1.22197185092138e-08,22.4980552496527,90.2136430781363,484396.57143739,4976621.575174,0.0687716339639175
900,fineSelf,fine,xyzExactPose,3,1,accepted,0.999999999966302,1,0,0,0,0,22.4980552673545,90.2136431139333,484396.571437379,4976621.57517399,0.0687716337765155
900,coarseSelf,coarse,xy,1,1,accepted,1,0.999999999999981,2.60516188182885e-08,-5.08958132834539e-08,5.06624918945201e-09,-2.55542552660761e-08,22.1850791260346,73.4214313315995,484396.571437386,4976621.57517396,0.068771632888216
900,coarseSelf,coarse,xy,2,1,accepted,1,0.999999999997818,3.90252119840284e-07,-1.20394490205787e-06,-3.24069559255305e-07,2.17429615747045e-07,22.1850791198679,73.4214317103755,484396.571437041,4976621.57517418,0.0687716127637129
900,coarseSelf,coarse,xy,3,1,accepted,1,1,0,0,0,0,22.1850791124875,73.4214313185196,484396.571437379,4976621.57517399,0.0687716337765155
900,coarseSelf,coarse,xyz,1,1,accepted,0.597638332669949,0.597638359044526,2.61360829267582e-05,0.000142433734712508,-2.58767351541378e-05,3.67279301308807e-06,24.5667774164462,48.0837651966959,484396.571411311,4976621.57517588,0.0687741197141521
900,coarseSelf,coarse,xyz,2,1,accepted,0.597638332669949,0.597638359044526,2.61360829267582e-05,0.000142433737384174,-2.58767351541378e-05,3.67279301308807e-06,24.5667774164475,48.0837651967007,484396.571411311,4976621.57517588,0.0687741197141988
900,coarseSelf,coarse,xyz,3,1,accepted,0.597638332669949,0.597638359044526,2.61360829267582e-05,0.000142433748415927,-2.58767351541378e-05,3.67279301308807e-06,24.5667774164494,48.0837651967055,484396.571411311,4976621.57517588,0.0687741197143913
900,coarseSelf,coarse,xyzExactPose,1,1,accepted,1,0.999999999987041,2.22855606860846e-07,-3.09127815033564e-06,-1.44977739478909e-07,-1.6925151864873e-07,31.3453124163423,88.1670247457735,484396.571437246,4976621.57517381,0.0687715798235337
900,coarseSelf,coarse,xyzExactPose,2,1,accepted,1,0.99999999999987,7.22339013733416e-08,-6.93947295571508e-08,6.76954221128862e-08,-2.52005224662467e-08,31.345312140816,88.1670241886556,484396.571437448,4976621.57517397,0.068771632565349
900,coarseSelf,coarse,xyzExactPose,3,1,accepted,1,1,0,0,0,0,31.3453121503704,88.1670243219607,484396.571437379,4976621.57517399,0.0687716337765155
