file,findingCount
config/coarseSemanticProbabilityCloudConfig.m,0
config/featureMapBuildConfig.m,0
config/finePerceptionConfig.m,0
config/perceptionConfig.m,0
localization/registerSemanticProbabilityCloud.m,0
perception/buildPerceptionCandidates.m,0
perception/offGroundFeatures/analyzeStructuralPillars.m,0
perception/offGroundFeatures/extractFacadeFeatures.m,0
perception/perceiveFrame.m,0
perception/refinePerceptionCandidates.m,0
perception/semanticProduct/buildCoarseSemanticProbabilityCloud.m,0
scripts/buildFeatureMap.m,0
scripts/collectFeatureObservations.m,0
tests/coarseSemanticProbabilityCloudTest.m,0
tests/pillarPerceptionTest.m,0
perception/offGroundFeatures/validateFacadeCandidatePoints.m,0
tests/structuralSemanticPerceptionTest.m,0
scripts/evaluateStructuralPerception.m,0
