file,tool,findings
localization/registerSemanticProbabilityCloud.m,MATLAB R2026a factory Code Analyzer,0
localization/localizeLidarFrame.m,MATLAB R2026a factory Code Analyzer,0
localization/registrationPoseMeasurement.m,MATLAB R2026a factory Code Analyzer,0
scripts/designMncavReplayObserver.m,MATLAB R2026a factory Code Analyzer,0
scripts/prepareMncavObserverReplay.m,MATLAB R2026a factory Code Analyzer,0
scripts/replayMississippiLocalization.m,MATLAB R2026a factory Code Analyzer,0
scripts/runMncavObserverReplay.m,MATLAB R2026a factory Code Analyzer,0
scripts/runMississippiFullSequenceExperiment.m,MATLAB R2026a factory Code Analyzer,0
scripts/plotMississippiExperiment.m,MATLAB R2026a factory Code Analyzer,0
scripts/auditMncavOutageCertificate.m,MATLAB R2026a factory Code Analyzer,0
scripts/integrateRecordedPlanarMotion.m,MATLAB R2026a factory Code Analyzer,0
tests/recordedPlanarMotionTest.m,MATLAB R2026a factory Code Analyzer,0
tests/registrationInformationTest.m,MATLAB R2026a factory Code Analyzer,0
