files,n
config/coarseSemanticProbabilityCloudConfig.m,0
config/groundFeatureConfig.m,0
config/semanticNdtGridMapConfig.m,0
config/temporalStabilityMapConfig.m,0
localization/registerSemanticProbabilityCloud.m,0
perception/buildPerceptionCandidates.m,0
perception/groundFeatures/analyzeGroundPillars.m,0
perception/perceiveFrame.m,0
perception/refinePerceptionCandidates.m,0
perception/semanticProduct/buildCoarseSemanticProbabilityCloud.m,0
perception/validatePerceptionFeatureNames.m,0
scripts/buildFeatureMap.m,0
scripts/evaluateRepeatedObservationMap.m,0
scripts/finalizeHeightBiasDiagnostics.m,0
scripts/runPerceptionVideoMap.m,0
scripts/showMississippiPerception.m,0
tests/coarseSemanticProbabilityCloudTest.m,0
tests/distributionRegistrationTest.m,0
tests/expectedFinePerception.m,0
tests/perceptionFeatureSelectionTest.m,0
tests/pillarPerceptionTest.m,0
tests/pipelineRegressionTest.m,0
tests/registrationInformationTest.m,0
tests/structuralSemanticPerceptionTest.m,0
