method,frame,start,repetition,order,totalMs,perceptionMs,registrationMs,accepted,reason,iterations,x,y,psi
baseline,120,1,1,1,257.719,190.627,66.008,1,accepted,8,484199.299792639,4977468.70878437,-1.1067148870627
optimized,120,1,1,2,85.321,76.174,8.721,1,accepted,8,484199.299792639,4977468.70878437,-1.1067148870627
baseline,120,2,1,3,100.821,77.726,22.954,1,accepted,8,484199.342133934,4977468.71786419,-1.10944198920551
optimized,120,2,1,4,86.678,76.493,10.055,1,accepted,8,484199.342133934,4977468.71786419,-1.10944198920551
baseline,120,3,1,5,103.067,82.817,19.589,1,accepted,7,484199.299781229,4977468.70877656,-1.10671518479332
optimized,120,3,1,6,83.445,75.218,7.773,1,accepted,7,484199.299781229,4977468.70877656,-1.10671518479332
baseline,260,1,1,7,92.359,76.541,15.747,1,accepted,6,484229.745904705,4977312.00888434,-1.34325585920898
optimized,260,1,1,8,77.82,71.023,6.777,1,accepted,6,484229.745904705,4977312.00888434,-1.34325585920898
baseline,260,2,1,9,90.809,75.861,14.924,1,accepted,8,484229.745914492,4977312.00889569,-1.34325727183373
optimized,260,2,1,10,78.297,70.164,8.105,1,accepted,8,484229.745914492,4977312.00889569,-1.34325727183373
baseline,260,3,1,11,93.15,79.286,13.835,1,accepted,7,484229.745907595,4977312.00889249,-1.34325590595235
optimized,260,3,1,12,81.993,74.706,7.261,1,accepted,7,484229.745907595,4977312.00889249,-1.34325590595235
baseline,350,1,1,13,95.433,80.18,15.233,1,accepted,6,484253.513405994,4977184.32287283,-1.50048869217652
optimized,350,1,1,14,76.057,67.87,8.165,1,accepted,6,484253.513405994,4977184.32287283,-1.50048869217652
baseline,350,2,1,15,91.195,73.924,17.25,1,accepted,7,484253.513400358,4977184.32287391,-1.50048899856276
optimized,350,2,1,16,76.366,68.251,8.094,1,accepted,7,484253.513400358,4977184.32287391,-1.50048899856276
baseline,350,3,1,17,91.735,76.378,15.337,1,accepted,6,484253.513400443,4977184.32287184,-1.50048901351725
optimized,350,3,1,18,77.457,70.86,6.574,1,accepted,6,484253.513400443,4977184.32287184,-1.50048901351725
baseline,550,1,1,19,105.054,89.438,15.595,1,accepted,6,484318.963467551,4976932.61288377,-1.20165136270671
optimized,550,1,1,20,86.247,79.168,7.052,1,accepted,6,484318.963467551,4976932.61288377,-1.20165136270671
baseline,550,2,1,21,120.719,103.214,17.472,1,accepted,7,484318.963452939,4976932.6128778,-1.20165116555198
optimized,550,2,1,22,86.31,79.34,6.942,1,accepted,7,484318.963452939,4976932.6128778,-1.20165116555198
baseline,550,3,1,23,99.129,85.852,13.251,1,accepted,5,484318.963452627,4976932.61287761,-1.20165124874851
optimized,550,3,1,24,86.383,79.148,7.212,1,accepted,5,484318.963452627,4976932.61287761,-1.20165124874851
baseline,700,1,1,25,97.62,83.452,14.14,1,accepted,6,484338.416353589,4976756.31467991,-1.68420922486605
optimized,700,1,1,26,82.454,76.546,5.88,1,accepted,6,484338.416353589,4976756.31467991,-1.68420922486605
baseline,700,2,1,27,96.891,82.423,14.445,1,accepted,7,484338.416346514,4976756.31468095,-1.684209439972
optimized,700,2,1,28,85.714,77.979,7.713,1,accepted,7,484338.416346514,4976756.31468095,-1.684209439972
baseline,700,3,1,29,93.762,81.826,11.91,1,accepted,5,484338.416344518,4976756.31468122,-1.68420950071304
optimized,700,3,1,30,83.352,77.432,5.898,1,accepted,5,484338.416344518,4976756.31468122,-1.68420950071304
baseline,900,1,1,31,106.516,89.853,16.635,1,accepted,7,484396.94345131,4976621.57081372,0.0816793185819688
optimized,900,1,1,32,83.297,75.743,7.532,1,accepted,7,484396.94345131,4976621.57081372,0.0816793185819688
baseline,900,2,1,33,94.201,78.009,16.171,1,accepted,7,484396.943437749,4976621.57082473,0.0816785012024783
optimized,900,2,1,34,82.227,74.921,7.284,1,accepted,7,484396.943437749,4976621.57082473,0.0816785012024783
baseline,900,3,1,35,94.758,78.899,15.84,1,accepted,6,484396.943446546,4976621.57080737,0.0816790516049394
optimized,900,3,1,36,83.116,76.136,6.957,1,accepted,6,484396.943446546,4976621.57080737,0.0816790516049394
baseline,1050,1,1,37,92.338,74.481,17.834,1,accepted,8,484567.751058829,4976643.25615888,0.128001691396435
optimized,1050,1,1,38,75.899,68.392,7.481,1,accepted,8,484567.751058829,4976643.25615888,0.128001691396435
baseline,1050,2,1,39,91.655,74.126,17.508,1,accepted,8,484567.751062949,4976643.25617664,0.128000263306228
optimized,1050,2,1,40,73.467,65.83,7.607,1,accepted,8,484567.751062949,4976643.25617664,0.128000263306228
baseline,1050,3,1,41,89.336,73.923,15.39,1,accepted,7,484567.751059248,4976643.25616069,0.128001545817001
optimized,1050,3,1,42,74.239,67.436,6.781,1,accepted,7,484567.751059248,4976643.25616069,0.128001545817001
baseline,120,1,2,43,94.241,72.324,21.897,1,accepted,8,484199.299792639,4977468.70878437,-1.1067148870627
optimized,120,1,2,44,74.009,65.743,8.246,1,accepted,8,484199.299792639,4977468.70878437,-1.1067148870627
baseline,120,2,2,45,89.9,69.039,20.839,1,accepted,8,484199.342133934,4977468.71786419,-1.10944198920551
optimized,120,2,2,46,71.605,63.292,8.293,1,accepted,8,484199.342133934,4977468.71786419,-1.10944198920551
baseline,120,3,2,47,89.533,69.172,20.338,1,accepted,7,484199.299781229,4977468.70877656,-1.10671518479332
optimized,120,3,2,48,70.628,63.521,7.087,1,accepted,7,484199.299781229,4977468.70877656,-1.10671518479332
baseline,260,1,2,49,80.505,66.936,13.549,1,accepted,6,484229.745904705,4977312.00888434,-1.34325585920898
optimized,260,1,2,50,65.333,59.185,6.123,1,accepted,6,484229.745904705,4977312.00888434,-1.34325585920898
baseline,260,2,2,51,82.747,66.615,16.11,1,accepted,8,484229.745914492,4977312.00889569,-1.34325727183373
optimized,260,2,2,52,64.668,57.263,7.382,1,accepted,8,484229.745914492,4977312.00889569,-1.34325727183373
baseline,260,3,2,53,80.02,66.298,13.7,1,accepted,7,484229.745907595,4977312.00889249,-1.34325590595235
optimized,260,3,2,54,66.169,59.951,6.197,1,accepted,7,484229.745907595,4977312.00889249,-1.34325590595235
baseline,350,1,2,55,81.733,66.539,15.173,1,accepted,6,484253.513405994,4977184.32287283,-1.50048869217652
optimized,350,1,2,56,83.856,76.842,6.993,1,accepted,6,484253.513405994,4977184.32287283,-1.50048869217652
baseline,350,2,2,57,82.97,65.643,17.306,1,accepted,7,484253.513400358,4977184.32287391,-1.50048899856276
optimized,350,2,2,58,67.338,59.505,7.812,1,accepted,7,484253.513400358,4977184.32287391,-1.50048899856276
baseline,350,3,2,59,78.565,63.14,15.405,1,accepted,6,484253.513400443,4977184.32287184,-1.50048901351725
optimized,350,3,2,60,65.178,58.139,7.018,1,accepted,6,484253.513400443,4977184.32287184,-1.50048901351725
baseline,550,1,2,61,96.561,81.145,15.394,1,accepted,6,484318.963467551,4976932.61288377,-1.20165136270671
optimized,550,1,2,62,77.016,70.866,6.131,1,accepted,6,484318.963467551,4976932.61288377,-1.20165136270671
baseline,550,2,2,63,96.99,80.074,16.896,1,accepted,7,484318.963452939,4976932.6128778,-1.20165116555198
optimized,550,2,2,64,80.107,73.275,6.811,1,accepted,7,484318.963452939,4976932.6128778,-1.20165116555198
baseline,550,3,2,65,90.946,78.044,12.882,1,accepted,5,484318.963452627,4976932.61287761,-1.20165124874851
optimized,550,3,2,66,79.277,71.568,7.684,1,accepted,5,484318.963452627,4976932.61287761,-1.20165124874851
baseline,700,1,2,67,92.413,79.452,12.937,1,accepted,6,484338.416353589,4976756.31467991,-1.68420922486605
optimized,700,1,2,68,77.455,71.713,5.721,1,accepted,6,484338.416353589,4976756.31467991,-1.68420922486605
baseline,700,2,2,69,89.33,75.506,13.803,1,accepted,7,484338.416346514,4976756.31468095,-1.684209439972
optimized,700,2,2,70,75.34,68.129,7.184,1,accepted,7,484338.416346514,4976756.31468095,-1.684209439972
baseline,700,3,2,71,85.996,75.025,10.949,1,accepted,5,484338.416344518,4976756.31468122,-1.68420950071304
optimized,700,3,2,72,74.874,67.682,7.169,1,accepted,5,484338.416344518,4976756.31468122,-1.68420950071304
baseline,900,1,2,73,99.332,83.817,15.493,1,accepted,7,484396.94345131,4976621.57081372,0.0816793185819688
optimized,900,1,2,74,80.971,72.597,8.349,1,accepted,7,484396.94345131,4976621.57081372,0.0816793185819688
baseline,900,2,2,75,98.272,82.068,16.179,1,accepted,7,484396.943437749,4976621.57082473,0.0816785012024783
optimized,900,2,2,76,85.391,77.842,7.526,1,accepted,7,484396.943437749,4976621.57082473,0.0816785012024783
baseline,900,3,2,77,102.837,88.367,14.449,1,accepted,6,484396.943446546,4976621.57080737,0.0816790516049394
optimized,900,3,2,78,84.593,78.094,6.473,1,accepted,6,484396.943446546,4976621.57080737,0.0816790516049394
baseline,1050,1,2,79,92.411,75.123,17.264,1,accepted,8,484567.751058829,4976643.25615888,0.128001691396435
optimized,1050,1,2,80,73.393,65.155,8.217,1,accepted,8,484567.751058829,4976643.25615888,0.128001691396435
baseline,1050,2,2,81,95.809,77.985,17.804,1,accepted,8,484567.751062949,4976643.25617664,0.128000263306228
optimized,1050,2,2,82,72.162,65.928,6.213,1,accepted,8,484567.751062949,4976643.25617664,0.128000263306228
baseline,1050,3,2,83,87.261,71.031,16.208,1,accepted,7,484567.751059248,4976643.25616069,0.128001545817001
optimized,1050,3,2,84,75.606,67.358,8.228,1,accepted,7,484567.751059248,4976643.25616069,0.128001545817001
