frame,start,repetition,order,totalMs,perceptionMs,registrationMs,overheadMs,accepted,reason,rank,iterations,sourceComponents,mapComponents,x,y,psi,positionDifferenceM,yawDifferenceDeg
1050,1,1,1,85.671,69.781,15.871,0.0190000000000001,1,accepted,3,8,88,60,484567.751058829,4976643.25615888,0.128001691396435,0.315151868655589,-0.174226152598185
550,3,1,2,88.264,74.19,14.054,0.0199999999999836,1,accepted,3,5,97,72,484318.963452627,4976932.61287761,-1.20165124874851,0.0991930287240532,0.446105851368959
900,2,1,3,85.419,70.31,15.089,0.0199999999999942,1,accepted,3,7,94,64,484396.943437749,4976621.57082473,0.0816785012024783,0.372025793942765,0.739509030242552
900,3,1,4,83.897,70.098,13.781,0.018000000000006,1,accepted,3,6,94,64,484396.943446546,4976621.57080737,0.0816790516049394,0.372034793567822,0.739540565980606
550,1,1,5,84.342,69.267,15.056,0.0190000000000037,1,accepted,3,6,97,72,484318.963467551,4976932.61288377,-1.20165136270671,0.0991958565882764,0.446099322044919
900,1,1,6,89.75,74.61,15.12,0.0200000000000014,1,accepted,3,7,94,64,484396.94345131,4976621.57081372,0.0816793185819688,0.372039482852971,0.739555862637615
260,1,1,7,74.754,63.052,11.682,0.0200000000000049,1,accepted,3,6,82,57,484229.745904705,4977312.00888434,-1.34325585920898,0.210781690787584,-0.345619048344313
700,1,1,8,80.034,67.79,12.225,0.0189999999999859,1,accepted,3,6,86,57,484338.416353589,4976756.31467991,-1.68420922486605,0.144208480908875,0.0794579254189081
350,3,1,9,72.233,56.857,15.357,0.0190000000000037,1,accepted,3,6,92,85,484253.513400443,4977184.32287184,-1.50048901351725,0.276821775887118,-0.0173574917498781
260,3,1,10,69.916,56.713,13.184,0.0190000000000108,1,accepted,3,7,82,57,484229.745907595,4977312.00889249,-1.34325590595235,0.210789908761945,-0.345621726542112
700,3,1,11,75.681,64.967,10.697,0.0169999999999995,1,accepted,3,5,86,57,484338.416344518,4976756.31468122,-1.68420950071304,0.144206564758083,0.0794421205501747
550,2,1,12,85.144,69.448,15.677,0.0189999999999984,1,accepted,3,7,97,72,484318.963452939,4976932.6128778,-1.20165116555198,0.0991931485191926,0.446110618179081
350,1,1,13,71.163,57.499,13.645,0.019000000000009,1,accepted,3,6,92,85,484253.513405994,4977184.32287283,-1.50048869217652,0.276825374009838,-0.0173390802822748
260,2,1,14,73.467,59.555,13.895,0.0169999999999995,1,accepted,3,8,82,57,484229.745914492,4977312.00889569,-1.34325727183373,0.210796655863734,-0.345699985780731
700,2,1,15,79.147,65.56,13.57,0.017000000000003,1,accepted,3,7,86,57,484338.416346514,4976756.31468095,-1.684209439972,0.144207008372831,0.0794456007554339
1050,2,1,16,82.611,65.773,16.818,0.0200000000000102,1,accepted,3,8,88,60,484567.751062949,4976643.25617664,0.128000263306228,0.315153040535861,-0.174307976139793
120,3,1,17,80.223,61.662,18.543,0.0180000000000007,1,accepted,3,7,104,81,484199.299781229,4977468.70877656,-1.10671518479332,0.239446809598065,-0.146652336086767
350,2,1,18,81.688,66.046,15.624,0.0180000000000096,1,accepted,3,7,92,85,484253.513400358,4977184.32287391,-1.50048899856276,0.276823541978382,-0.0173566349211564
120,1,1,19,83.484,63.542,19.924,0.0180000000000078,1,accepted,3,8,104,81,484199.299792639,4977468.70878437,-1.1067148870627,0.239459868377493,-0.146635277378864
1050,3,1,20,75.608,61.401,14.189,0.0179999999999936,1,accepted,3,7,88,60,484567.751059248,4976643.25616069,0.128001545817001,0.315151989027784,-0.174234493685339
120,2,1,21,83.751,63.504,20.228,0.0190000000000019,1,accepted,3,8,104,81,484199.342133934,4977468.71786419,-1.10944198920551,0.273429262011006,-0.302886720463031
350,1,2,22,76.863,63.04,13.786,0.0370000000000008,1,accepted,3,6,92,85,484253.513405994,4977184.32287283,-1.50048869217652,0.276825374009838,-0.0173390802822748
700,2,2,23,76.497,63.249,13.217,0.0309999999999988,1,accepted,3,7,86,57,484338.416346514,4976756.31468095,-1.684209439972,0.144207008372831,0.0794456007554339
700,1,2,24,76.272,64.297,11.957,0.0179999999999936,1,accepted,3,6,86,57,484338.416353589,4976756.31467991,-1.68420922486605,0.144208480908875,0.0794579254189081
900,2,2,25,95.697,80.672,15.007,0.018000000000006,1,accepted,3,7,94,64,484396.943437749,4976621.57082473,0.0816785012024783,0.372025793942765,0.739509030242552
350,3,2,26,69.39,55.42,13.952,0.01799999999999,1,accepted,3,6,92,85,484253.513400443,4977184.32287184,-1.50048901351725,0.276821775887118,-0.0173574917498781
1050,1,2,27,80.027,64.279,15.73,0.0180000000000042,1,accepted,3,8,88,60,484567.751058829,4976643.25615888,0.128001691396435,0.315151868655589,-0.174226152598185
350,2,2,28,77.152,61.648,15.485,0.0189999999999966,1,accepted,3,7,92,85,484253.513400358,4977184.32287391,-1.50048899856276,0.276823541978382,-0.0173566349211564
120,3,2,29,78.797,61.758,17.022,0.0170000000000101,1,accepted,3,7,104,81,484199.299781229,4977468.70877656,-1.10671518479332,0.239446809598065,-0.146652336086767
700,3,2,30,79.235,68.344,10.872,0.0189999999999912,1,accepted,3,5,86,57,484338.416344518,4976756.31468122,-1.68420950071304,0.144206564758083,0.0794421205501747
260,2,2,31,92.447,76.324,16.103,0.0200000000000067,1,accepted,3,8,82,57,484229.745914492,4977312.00889569,-1.34325727183373,0.210796655863734,-0.345699985780731
550,2,2,32,86.532,70.569,15.941,0.0219999999999931,1,accepted,3,7,97,72,484318.963452939,4976932.6128778,-1.20165116555198,0.0991931485191926,0.446110618179081
900,1,2,33,89.805,74.775,15.011,0.0190000000000019,1,accepted,3,7,94,64,484396.94345131,4976621.57081372,0.0816793185819688,0.372039482852971,0.739555862637615
1050,3,2,34,83.761,69.259,14.484,0.0179999999999954,1,accepted,3,7,88,60,484567.751059248,4976643.25616069,0.128001545817001,0.315151989027784,-0.174234493685339
260,3,2,35,73.435,60.245,13.172,0.018000000000006,1,accepted,3,7,82,57,484229.745907595,4977312.00889249,-1.34325590595235,0.210789908761945,-0.345621726542112
900,3,2,36,86.136,72.57,13.548,0.0180000000000167,1,accepted,3,6,94,64,484396.943446546,4976621.57080737,0.0816790516049394,0.372034793567822,0.739540565980606
550,3,2,37,79.944,67.149,12.776,0.0190000000000019,1,accepted,3,5,97,72,484318.963452627,4976932.61287761,-1.20165124874851,0.0991930287240532,0.446105851368959
260,1,2,38,71.232,59.77,11.443,0.0190000000000037,1,accepted,3,6,82,57,484229.745904705,4977312.00888434,-1.34325585920898,0.210781690787584,-0.345619048344313
1050,2,2,39,81.864,66.01,15.835,0.0190000000000001,1,accepted,3,8,88,60,484567.751062949,4976643.25617664,0.128000263306228,0.315153040535861,-0.174307976139793
120,1,2,40,83.508,65.06,18.428,0.0199999999999925,1,accepted,3,8,104,81,484199.299792639,4977468.70878437,-1.1067148870627,0.239459868377493,-0.146635277378864
550,1,2,41,89.7,75.497,14.184,0.0190000000000019,1,accepted,3,6,97,72,484318.963467551,4976932.61288377,-1.20165136270671,0.0991958565882764,0.446099322044919
120,2,2,42,81.69,63.129,18.541,0.019999999999996,1,accepted,3,8,104,81,484199.342133934,4977468.71786419,-1.10944198920551,0.273429262011006,-0.302886720463031
260,2,3,43,73.994,59.684,14.291,0.0190000000000019,1,accepted,3,8,82,57,484229.745914492,4977312.00889569,-1.34325727183373,0.210796655863734,-0.345699985780731
900,2,3,44,88.563,73.413,15.132,0.0179999999999918,1,accepted,3,7,94,64,484396.943437749,4976621.57082473,0.0816785012024783,0.372025793942765,0.739509030242552
120,2,3,45,82.97,61.394,21.556,0.0200000000000031,1,accepted,3,8,104,81,484199.342133934,4977468.71786419,-1.10944198920551,0.273429262011006,-0.302886720463031
350,1,3,46,72.972,58.919,14.036,0.0169999999999977,1,accepted,3,6,92,85,484253.513405994,4977184.32287283,-1.50048869217652,0.276825374009838,-0.0173390802822748
700,3,3,47,74.725,64.402,10.303,0.0199999999999942,1,accepted,3,5,86,57,484338.416344518,4976756.31468122,-1.68420950071304,0.144206564758083,0.0794421205501747
550,1,3,48,82.733,68.316,14.399,0.0180000000000007,1,accepted,3,6,97,72,484318.963467551,4976932.61288377,-1.20165136270671,0.0991958565882764,0.446099322044919
550,3,3,49,87.105,74.148,12.937,0.0199999999999925,1,accepted,3,5,97,72,484318.963452627,4976932.61287761,-1.20165124874851,0.0991930287240532,0.446105851368959
900,1,3,50,93.506,78.317,15.169,0.0200000000000067,1,accepted,3,7,94,64,484396.94345131,4976621.57081372,0.0816793185819688,0.372039482852971,0.739555862637615
700,2,3,51,82.684,67.6,15.065,0.0190000000000037,1,accepted,3,7,86,57,484338.416346514,4976756.31468095,-1.684209439972,0.144207008372831,0.0794456007554339
1050,1,3,52,79.955,64.153,15.784,0.0179999999999936,1,accepted,3,8,88,60,484567.751058829,4976643.25615888,0.128001691396435,0.315151868655589,-0.174226152598185
1050,3,3,53,77.419,62.869,14.533,0.017000000000003,1,accepted,3,7,88,60,484567.751059248,4976643.25616069,0.128001545817001,0.315151989027784,-0.174234493685339
350,3,3,54,70.63,56.573,14.04,0.0169999999999941,1,accepted,3,6,92,85,484253.513400443,4977184.32287184,-1.50048901351725,0.276821775887118,-0.0173574917498781
550,2,3,55,90.35,74.356,15.975,0.0189999999999859,1,accepted,3,7,97,72,484318.963452939,4976932.6128778,-1.20165116555198,0.0991931485191926,0.446110618179081
260,1,3,56,70.277,58.275,11.984,0.0180000000000025,1,accepted,3,6,82,57,484229.745904705,4977312.00888434,-1.34325585920898,0.210781690787584,-0.345619048344313
1050,2,3,57,78.77,62.783,15.969,0.0180000000000007,1,accepted,3,8,88,60,484567.751062949,4976643.25617664,0.128000263306228,0.315153040535861,-0.174307976139793
120,1,3,58,81.297,59.494,21.783,0.019999999999996,1,accepted,3,8,104,81,484199.299792639,4977468.70878437,-1.1067148870627,0.239459868377493,-0.146635277378864
120,3,3,59,78.071,58.49,19.564,0.0169999999999959,1,accepted,3,7,104,81,484199.299781229,4977468.70877656,-1.10671518479332,0.239446809598065,-0.146652336086767
700,1,3,60,77.386,65.488,11.879,0.0189999999999948,1,accepted,3,6,86,57,484338.416353589,4976756.31467991,-1.68420922486605,0.144208480908875,0.0794579254189081
260,3,3,61,72.961,59.845,13.098,0.0179999999999989,1,accepted,3,7,82,57,484229.745907595,4977312.00889249,-1.34325590595235,0.210789908761945,-0.345621726542112
350,2,3,62,73.985,58.284,15.685,0.0159999999999929,1,accepted,3,7,92,85,484253.513400358,4977184.32287391,-1.50048899856276,0.276823541978382,-0.0173566349211564
900,3,3,63,85.51,71.629,13.86,0.020999999999999,1,accepted,3,6,94,64,484396.943446546,4976621.57080737,0.0816790516049394,0.372034793567822,0.739540565980606
1050,3,4,64,77.593,63.212,14.363,0.0179999999999847,1,accepted,3,7,88,60,484567.751059248,4976643.25616069,0.128001545817001,0.315151989027784,-0.174234493685339
700,1,4,65,78.791,66.961,11.812,0.0179999999999847,1,accepted,3,6,86,57,484338.416353589,4976756.31467991,-1.68420922486605,0.144208480908875,0.0794579254189081
120,3,4,66,88.237,69.704,18.512,0.0209999999999866,1,accepted,3,7,104,81,484199.299781229,4977468.70877656,-1.10671518479332,0.239446809598065,-0.146652336086767
260,3,4,67,76.049,62.901,13.128,0.0200000000000102,1,accepted,3,7,82,57,484229.745907595,4977312.00889249,-1.34325590595235,0.210789908761945,-0.345621726542112
1050,1,4,68,97.895,81.122,16.754,0.0189999999999948,1,accepted,3,8,88,60,484567.751058829,4976643.25615888,0.128001691396435,0.315151868655589,-0.174226152598185
900,2,4,69,86.86,71.644,15.198,0.0180000000000078,1,accepted,3,7,94,64,484396.943437749,4976621.57082473,0.0816785012024783,0.372025793942765,0.739509030242552
900,3,4,70,85.052,71.582,13.452,0.0179999999999989,1,accepted,3,6,94,64,484396.943446546,4976621.57080737,0.0816790516049394,0.372034793567822,0.739540565980606
550,2,4,71,85.491,69.408,16.056,0.0269999999999975,1,accepted,3,7,97,72,484318.963452939,4976932.6128778,-1.20165116555198,0.0991931485191926,0.446110618179081
350,3,4,72,70.004,55.943,14.042,0.018999999999993,1,accepted,3,6,92,85,484253.513400443,4977184.32287184,-1.50048901351725,0.276821775887118,-0.0173574917498781
350,2,4,73,73.409,57.327,16.064,0.0180000000000007,1,accepted,3,7,92,85,484253.513400358,4977184.32287391,-1.50048899856276,0.276823541978382,-0.0173566349211564
350,1,4,74,71.863,58.105,13.74,0.0180000000000025,1,accepted,3,6,92,85,484253.513405994,4977184.32287283,-1.50048869217652,0.276825374009838,-0.0173390802822748
700,3,4,75,79.882,69.448,10.415,0.0189999999999966,1,accepted,3,5,86,57,484338.416344518,4976756.31468122,-1.68420950071304,0.144206564758083,0.0794421205501747
900,1,4,76,90.723,75.31,15.395,0.0179999999999954,1,accepted,3,7,94,64,484396.94345131,4976621.57081372,0.0816793185819688,0.372039482852971,0.739555862637615
260,1,4,77,72.495,61.04,11.437,0.018000000000006,1,accepted,3,6,82,57,484229.745904705,4977312.00888434,-1.34325585920898,0.210781690787584,-0.345619048344313
550,3,4,78,80.924,68.382,12.524,0.0179999999999865,1,accepted,3,5,97,72,484318.963452627,4976932.61287761,-1.20165124874851,0.0991930287240532,0.446105851368959
120,1,4,79,85.752,63.977,21.757,0.0179999999999936,1,accepted,3,8,104,81,484199.299792639,4977468.70878437,-1.1067148870627,0.239459868377493,-0.146635277378864
1050,2,4,80,77.945,62.204,15.726,0.0150000000000059,1,accepted,3,8,88,60,484567.751062949,4976643.25617664,0.128000263306228,0.315153040535861,-0.174307976139793
120,2,4,81,83.819,61.952,21.849,0.0180000000000042,1,accepted,3,8,104,81,484199.342133934,4977468.71786419,-1.10944198920551,0.273429262011006,-0.302886720463031
260,2,4,82,72.299,57.11,15.171,0.018000000000006,1,accepted,3,8,82,57,484229.745914492,4977312.00889569,-1.34325727183373,0.210796655863734,-0.345699985780731
550,1,4,83,83.936,69.85,14.069,0.0169999999999995,1,accepted,3,6,97,72,484318.963467551,4976932.61288377,-1.20165136270671,0.0991958565882764,0.446099322044919
700,2,4,84,82.727,67.602,15.106,0.0190000000000001,1,accepted,3,7,86,57,484338.416346514,4976756.31468095,-1.684209439972,0.144207008372831,0.0794456007554339
550,3,5,85,81.813,69.41,12.384,0.0190000000000072,1,accepted,3,5,97,72,484318.963452627,4976932.61287761,-1.20165124874851,0.0991930287240532,0.446105851368959
260,3,5,86,71.911,58.874,13.019,0.0179999999999989,1,accepted,3,7,82,57,484229.745907595,4977312.00889249,-1.34325590595235,0.210789908761945,-0.345621726542112
550,1,5,87,83.245,69.221,14.005,0.0190000000000001,1,accepted,3,6,97,72,484318.963467551,4976932.61288377,-1.20165136270671,0.0991958565882764,0.446099322044919
120,3,5,88,80.285,63.505,16.762,0.0179999999999936,1,accepted,3,7,104,81,484199.299781229,4977468.70877656,-1.10671518479332,0.239446809598065,-0.146652336086767
120,1,5,89,83.924,63.663,20.244,0.0169999999999924,1,accepted,3,8,104,81,484199.299792639,4977468.70878437,-1.1067148870627,0.239459868377493,-0.146635277378864
900,2,5,90,85.069,70.135,14.914,0.0199999999999978,1,accepted,3,7,94,64,484396.943437749,4976621.57082473,0.0816785012024783,0.372025793942765,0.739509030242552
700,2,5,91,78.808,65.611,13.178,0.0190000000000019,1,accepted,3,7,86,57,484338.416346514,4976756.31468095,-1.684209439972,0.144207008372831,0.0794456007554339
700,1,5,92,78.182,66.417,11.746,0.0190000000000019,1,accepted,3,6,86,57,484338.416353589,4976756.31467991,-1.68420922486605,0.144208480908875,0.0794579254189081
1050,3,5,93,79.773,64.984,14.772,0.0170000000000012,1,accepted,3,7,88,60,484567.751059248,4976643.25616069,0.128001545817001,0.315151989027784,-0.174234493685339
350,1,5,94,74.27,60.211,14.043,0.0159999999999982,1,accepted,3,6,92,85,484253.513405994,4977184.32287283,-1.50048869217652,0.276825374009838,-0.0173390802822748
1050,2,5,95,82.604,65.892,16.693,0.0189999999999912,1,accepted,3,8,88,60,484567.751062949,4976643.25617664,0.128000263306228,0.315153040535861,-0.174307976139793
260,2,5,96,73.507,59.273,14.216,0.0180000000000096,1,accepted,3,8,82,57,484229.745914492,4977312.00889569,-1.34325727183373,0.210796655863734,-0.345699985780731
350,3,5,97,72.678,58.846,13.815,0.0170000000000083,1,accepted,3,6,92,85,484253.513400443,4977184.32287184,-1.50048901351725,0.276821775887118,-0.0173574917498781
350,2,5,98,71.241,55.696,15.528,0.0169999999999941,1,accepted,3,7,92,85,484253.513400358,4977184.32287391,-1.50048899856276,0.276823541978382,-0.0173566349211564
1050,1,5,99,84.885,68.588,16.278,0.019000000000009,1,accepted,3,8,88,60,484567.751058829,4976643.25615888,0.128001691396435,0.315151868655589,-0.174226152598185
900,3,5,100,83.315,69.495,13.801,0.018999999999993,1,accepted,3,6,94,64,484396.943446546,4976621.57080737,0.0816790516049394,0.372034793567822,0.739540565980606
700,3,5,101,76.746,65.986,10.742,0.0179999999999918,1,accepted,3,5,86,57,484338.416344518,4976756.31468122,-1.68420950071304,0.144206564758083,0.0794421205501747
550,2,5,102,83.171,67.474,15.68,0.0169999999999888,1,accepted,3,7,97,72,484318.963452939,4976932.6128778,-1.20165116555198,0.0991931485191926,0.446110618179081
120,2,5,103,81.212,62.75,18.444,0.0180000000000042,1,accepted,3,8,104,81,484199.342133934,4977468.71786419,-1.10944198920551,0.273429262011006,-0.302886720463031
260,1,5,104,72.919,59.847,13.054,0.0180000000000025,1,accepted,3,6,82,57,484229.745904705,4977312.00888434,-1.34325585920898,0.210781690787584,-0.345619048344313
900,1,5,105,106.036,90.893,15.125,0.0180000000000007,1,accepted,3,7,94,64,484396.94345131,4976621.57081372,0.0816793185819688,0.372039482852971,0.739555862637615
120,3,6,106,79.193,61.382,17.792,0.0190000000000019,1,accepted,3,7,104,81,484199.299781229,4977468.70877656,-1.10671518479332,0.239446809598065,-0.146652336086767
120,2,6,107,80.635,61.181,19.436,0.0180000000000078,1,accepted,3,8,104,81,484199.342133934,4977468.71786419,-1.10944198920551,0.273429262011006,-0.302886720463031
900,2,6,108,86.578,71.424,15.134,0.019999999999996,1,accepted,3,7,94,64,484396.943437749,4976621.57082473,0.0816785012024783,0.372025793942765,0.739509030242552
350,2,6,109,77.814,62.559,15.238,0.0169999999999888,1,accepted,3,7,92,85,484253.513400358,4977184.32287391,-1.50048899856276,0.276823541978382,-0.0173566349211564
1050,1,6,110,79.714,63.72,15.975,0.0190000000000001,1,accepted,3,8,88,60,484567.751058829,4976643.25615888,0.128001691396435,0.315151868655589,-0.174226152598185
900,1,6,111,89.141,74.316,14.807,0.0180000000000025,1,accepted,3,7,94,64,484396.94345131,4976621.57081372,0.0816793185819688,0.372039482852971,0.739555862637615
550,3,6,112,82.921,70.373,12.53,0.0179999999999882,1,accepted,3,5,97,72,484318.963452627,4976932.61287761,-1.20165124874851,0.0991930287240532,0.446105851368959
550,2,6,113,89.621,72.98,16.623,0.0180000000000078,1,accepted,3,7,97,72,484318.963452939,4976932.6128778,-1.20165116555198,0.0991931485191926,0.446110618179081
700,2,6,114,79.636,66.199,13.417,0.0199999999999978,1,accepted,3,7,86,57,484338.416346514,4976756.31468095,-1.684209439972,0.144207008372831,0.0794456007554339
350,3,6,115,76.533,62.332,14.181,0.0200000000000014,1,accepted,3,6,92,85,484253.513400443,4977184.32287184,-1.50048901351725,0.276821775887118,-0.0173574917498781
1050,2,6,116,87.208,71.601,15.59,0.0169999999999995,1,accepted,3,8,88,60,484567.751062949,4976643.25617664,0.128000263306228,0.315153040535861,-0.174307976139793
120,1,6,117,80.609,62.29,18.296,0.0229999999999961,1,accepted,3,8,104,81,484199.299792639,4977468.70878437,-1.1067148870627,0.239459868377493,-0.146635277378864
260,2,6,118,71.985,58.091,13.875,0.0190000000000055,1,accepted,3,8,82,57,484229.745914492,4977312.00889569,-1.34325727183373,0.210796655863734,-0.345699985780731
700,3,6,119,74.425,63.704,10.704,0.0170000000000172,1,accepted,3,5,86,57,484338.416344518,4976756.31468122,-1.68420950071304,0.144206564758083,0.0794421205501747
260,1,6,120,67.69,56.219,11.453,0.0179999999999971,1,accepted,3,6,82,57,484229.745904705,4977312.00888434,-1.34325585920898,0.210781690787584,-0.345619048344313
700,1,6,121,81.721,69.504,12.199,0.0180000000000131,1,accepted,3,6,86,57,484338.416353589,4976756.31467991,-1.68420922486605,0.144208480908875,0.0794579254189081
350,1,6,122,71.155,57.515,13.622,0.0180000000000078,1,accepted,3,6,92,85,484253.513405994,4977184.32287283,-1.50048869217652,0.276825374009838,-0.0173390802822748
260,3,6,123,73.379,59.797,13.563,0.0190000000000001,1,accepted,3,7,82,57,484229.745907595,4977312.00889249,-1.34325590595235,0.210789908761945,-0.345621726542112
1050,3,6,124,80.297,65.89,14.389,0.0179999999999954,1,accepted,3,7,88,60,484567.751059248,4976643.25616069,0.128001545817001,0.315151989027784,-0.174234493685339
900,3,6,125,88.425,74.942,13.464,0.0190000000000037,1,accepted,3,6,94,64,484396.943446546,4976621.57080737,0.0816790516049394,0.372034793567822,0.739540565980606
550,1,6,126,85.841,71.494,14.329,0.0179999999999954,1,accepted,3,6,97,72,484318.963467551,4976932.61288377,-1.20165136270671,0.0991958565882764,0.446099322044919
550,3,7,127,83.096,69.491,13.587,0.0180000000000042,1,accepted,3,5,97,72,484318.963452627,4976932.61287761,-1.20165124874851,0.0991930287240532,0.446105851368959
120,1,7,128,82.53,64.198,18.314,0.0179999999999936,1,accepted,3,8,104,81,484199.299792639,4977468.70878437,-1.1067148870627,0.239459868377493,-0.146635277378864
550,2,7,129,86.743,70.768,15.957,0.0179999999999954,1,accepted,3,7,97,72,484318.963452939,4976932.6128778,-1.20165116555198,0.0991931485191926,0.446110618179081
350,1,7,130,72.672,58.798,13.855,0.0189999999999966,1,accepted,3,6,92,85,484253.513405994,4977184.32287283,-1.50048869217652,0.276825374009838,-0.0173390802822748
1050,3,7,131,79.761,65.443,14.3,0.0179999999999971,1,accepted,3,7,88,60,484567.751059248,4976643.25616069,0.128001545817001,0.315151989027784,-0.174234493685339
900,2,7,132,85.928,70.671,15.238,0.0190000000000055,1,accepted,3,7,94,64,484396.943437749,4976621.57082473,0.0816785012024783,0.372025793942765,0.739509030242552
700,2,7,133,80.113,66.983,13.111,0.0189999999999966,1,accepted,3,7,86,57,484338.416346514,4976756.31468095,-1.684209439972,0.144207008372831,0.0794456007554339
1050,1,7,134,82.299,66.269,16.01,0.0199999999999996,1,accepted,3,8,88,60,484567.751058829,4976643.25615888,0.128001691396435,0.315151868655589,-0.174226152598185
120,2,7,135,79.468,58.911,20.538,0.0190000000000019,1,accepted,3,8,104,81,484199.342133934,4977468.71786419,-1.10944198920551,0.273429262011006,-0.302886720463031
120,3,7,136,84.045,64.589,19.437,0.0190000000000019,1,accepted,3,7,104,81,484199.299781229,4977468.70877656,-1.10671518479332,0.239446809598065,-0.146652336086767
350,2,7,137,72.09,56.545,15.527,0.0180000000000096,1,accepted,3,7,92,85,484253.513400358,4977184.32287391,-1.50048899856276,0.276823541978382,-0.0173566349211564
1050,2,7,138,81.35,65.487,15.843,0.0199999999999996,1,accepted,3,8,88,60,484567.751062949,4976643.25617664,0.128000263306228,0.315153040535861,-0.174307976139793
700,1,7,139,76.192,64.321,11.853,0.0179999999999936,1,accepted,3,6,86,57,484338.416353589,4976756.31467991,-1.68420922486605,0.144208480908875,0.0794579254189081
900,3,7,140,86.774,72.798,13.956,0.0199999999999996,1,accepted,3,6,94,64,484396.943446546,4976621.57080737,0.0816790516049394,0.372034793567822,0.739540565980606
700,3,7,141,78.404,67.711,10.674,0.0189999999999984,1,accepted,3,5,86,57,484338.416344518,4976756.31468122,-1.68420950071304,0.144206564758083,0.0794421205501747
550,1,7,142,100.941,84.814,16.105,0.0219999999999949,1,accepted,3,6,97,72,484318.963467551,4976932.61288377,-1.20165136270671,0.0991958565882764,0.446099322044919
260,2,7,143,74.912,60.506,14.387,0.0190000000000055,1,accepted,3,8,82,57,484229.745914492,4977312.00889569,-1.34325727183373,0.210796655863734,-0.345699985780731
260,3,7,144,69.41,56.473,12.92,0.0169999999999977,1,accepted,3,7,82,57,484229.745907595,4977312.00889249,-1.34325590595235,0.210789908761945,-0.345621726542112
900,1,7,145,85.744,70.382,15.342,0.0199999999999942,1,accepted,3,7,94,64,484396.94345131,4976621.57081372,0.0816793185819688,0.372039482852971,0.739555862637615
260,1,7,146,70.143,58.34,11.784,0.0189999999999984,1,accepted,3,6,82,57,484229.745904705,4977312.00888434,-1.34325585920898,0.210781690787584,-0.345619048344313
350,3,7,147,75.785,61.856,13.911,0.0180000000000096,1,accepted,3,6,92,85,484253.513400443,4977184.32287184,-1.50048901351725,0.276821775887118,-0.0173574917498781
260,3,8,148,78.085,64.939,13.128,0.0180000000000149,1,accepted,3,7,82,57,484229.745907595,4977312.00889249,-1.34325590595235,0.210789908761945,-0.345621726542112
1050,2,8,149,79.763,63.793,15.953,0.0170000000000083,1,accepted,3,8,88,60,484567.751062949,4976643.25617664,0.128000263306228,0.315153040535861,-0.174307976139793
120,3,8,150,79.788,60.941,18.829,0.0179999999999971,1,accepted,3,7,104,81,484199.299781229,4977468.70877656,-1.10671518479332,0.239446809598065,-0.146652336086767
350,3,8,151,76.274,62.757,13.499,0.0180000000000096,1,accepted,3,6,92,85,484253.513400443,4977184.32287184,-1.50048901351725,0.276821775887118,-0.0173574917498781
350,1,8,152,71.374,57.107,14.25,0.0170000000000101,1,accepted,3,6,92,85,484253.513405994,4977184.32287283,-1.50048869217652,0.276825374009838,-0.0173390802822748
700,1,8,153,78.618,65.784,12.815,0.0190000000000037,1,accepted,3,6,86,57,484338.416353589,4976756.31467991,-1.68420922486605,0.144208480908875,0.0794579254189081
900,3,8,154,87.329,73.616,13.693,0.0200000000000085,1,accepted,3,6,94,64,484396.943446546,4976621.57080737,0.0816790516049394,0.372034793567822,0.739540565980606
900,2,8,155,87.088,72.246,14.818,0.0239999999999849,1,accepted,3,7,94,64,484396.943437749,4976621.57082473,0.0816785012024783,0.372025793942765,0.739509030242552
550,3,8,156,84.953,71.889,13.044,0.0200000000000067,1,accepted,3,5,97,72,484318.963452627,4976932.61287761,-1.20165124874851,0.0991930287240532,0.446105851368959
1050,3,8,157,79.905,65.564,14.315,0.0260000000000087,1,accepted,3,7,88,60,484567.751059248,4976643.25616069,0.128001545817001,0.315151989027784,-0.174234493685339
700,3,8,158,78.82,68.211,10.586,0.0230000000000086,1,accepted,3,5,86,57,484338.416344518,4976756.31468122,-1.68420950071304,0.144206564758083,0.0794421205501747
350,2,8,159,72.842,57.423,15.402,0.0169999999999959,1,accepted,3,7,92,85,484253.513400358,4977184.32287391,-1.50048899856276,0.276823541978382,-0.0173566349211564
1050,1,8,160,79.181,63.335,15.827,0.0189999999999966,1,accepted,3,8,88,60,484567.751058829,4976643.25615888,0.128001691396435,0.315151868655589,-0.174226152598185
120,2,8,161,79.115,59.978,19.118,0.0190000000000161,1,accepted,3,8,104,81,484199.342133934,4977468.71786419,-1.10944198920551,0.273429262011006,-0.302886720463031
550,2,8,162,85.364,69.227,16.12,0.0169999999999888,1,accepted,3,7,97,72,484318.963452939,4976932.6128778,-1.20165116555198,0.0991931485191926,0.446110618179081
260,2,8,163,74.708,60.083,14.607,0.0180000000000007,1,accepted,3,8,82,57,484229.745914492,4977312.00889569,-1.34325727183373,0.210796655863734,-0.345699985780731
550,1,8,164,84.717,70.23,14.469,0.0179999999999954,1,accepted,3,6,97,72,484318.963467551,4976932.61288377,-1.20165136270671,0.0991958565882764,0.446099322044919
120,1,8,165,86.066,64.41,21.637,0.0190000000000055,1,accepted,3,8,104,81,484199.299792639,4977468.70878437,-1.1067148870627,0.239459868377493,-0.146635277378864
900,1,8,166,87.497,71.335,16.143,0.0190000000000055,1,accepted,3,7,94,64,484396.94345131,4976621.57081372,0.0816793185819688,0.372039482852971,0.739555862637615
260,1,8,167,70.111,57.48,12.614,0.0169999999999995,1,accepted,3,6,82,57,484229.745904705,4977312.00888434,-1.34325585920898,0.210781690787584,-0.345619048344313
700,2,8,168,79.05,65.856,13.176,0.0180000000000025,1,accepted,3,7,86,57,484338.416346514,4976756.31468095,-1.684209439972,0.144207008372831,0.0794456007554339
900,1,9,169,91.047,75.856,15.172,0.0189999999999877,1,accepted,3,7,94,64,484396.94345131,4976621.57081372,0.0816793185819688,0.372039482852971,0.739555862637615
700,2,9,170,79.019,65.886,13.115,0.0180000000000096,1,accepted,3,7,86,57,484338.416346514,4976756.31468095,-1.684209439972,0.144207008372831,0.0794456007554339
260,2,9,171,76.164,61.758,14.388,0.0179999999999989,1,accepted,3,8,82,57,484229.745914492,4977312.00889569,-1.34325727183373,0.210796655863734,-0.345699985780731
550,2,9,172,85.802,69.813,15.97,0.0190000000000019,1,accepted,3,7,97,72,484318.963452939,4976932.6128778,-1.20165116555198,0.0991931485191926,0.446110618179081
700,3,9,173,75.327,64.54,10.77,0.0169999999999924,1,accepted,3,5,86,57,484338.416344518,4976756.31468122,-1.68420950071304,0.144206564758083,0.0794421205501747
1050,2,9,174,80.559,63.263,17.277,0.0190000000000126,1,accepted,3,8,88,60,484567.751062949,4976643.25617664,0.128000263306228,0.315153040535861,-0.174307976139793
350,2,9,175,71.86,56.522,15.321,0.0169999999999941,1,accepted,3,7,92,85,484253.513400358,4977184.32287391,-1.50048899856276,0.276823541978382,-0.0173566349211564
900,2,9,176,84.112,68.744,15.351,0.0170000000000083,1,accepted,3,7,94,64,484396.943437749,4976621.57082473,0.0816785012024783,0.372025793942765,0.739509030242552
260,3,9,177,73.119,59.965,13.135,0.0190000000000019,1,accepted,3,7,82,57,484229.745907595,4977312.00889249,-1.34325590595235,0.210789908761945,-0.345621726542112
350,3,9,178,73.657,59.44,14.19,0.0269999999999992,1,accepted,3,6,92,85,484253.513400443,4977184.32287184,-1.50048901351725,0.276821775887118,-0.0173574917498781
700,1,9,179,85.632,73.148,12.449,0.0349999999999948,1,accepted,3,6,86,57,484338.416353589,4976756.31467991,-1.68420922486605,0.144208480908875,0.0794579254189081
550,1,9,180,100.896,86.539,14.337,0.0199999999999978,1,accepted,3,6,97,72,484318.963467551,4976932.61288377,-1.20165136270671,0.0991958565882764,0.446099322044919
350,1,9,181,72.107,58.599,13.49,0.0180000000000025,1,accepted,3,6,92,85,484253.513405994,4977184.32287283,-1.50048869217652,0.276825374009838,-0.0173390802822748
120,3,9,182,86.624,67.001,19.603,0.0200000000000067,1,accepted,3,7,104,81,484199.299781229,4977468.70877656,-1.10671518479332,0.239446809598065,-0.146652336086767
120,2,9,183,83.758,63.127,20.607,0.0239999999999938,1,accepted,3,8,104,81,484199.342133934,4977468.71786419,-1.10944198920551,0.273429262011006,-0.302886720463031
260,1,9,184,68.027,56.443,11.566,0.0180000000000025,1,accepted,3,6,82,57,484229.745904705,4977312.00888434,-1.34325585920898,0.210781690787584,-0.345619048344313
120,1,9,185,83.609,61.637,21.954,0.0180000000000078,1,accepted,3,8,104,81,484199.299792639,4977468.70878437,-1.1067148870627,0.239459868377493,-0.146635277378864
550,3,9,186,84.133,71.271,12.844,0.0179999999999954,1,accepted,3,5,97,72,484318.963452627,4976932.61287761,-1.20165124874851,0.0991930287240532,0.446105851368959
1050,1,9,187,81.624,63.614,17.992,0.01799999999999,1,accepted,3,8,88,60,484567.751058829,4976643.25615888,0.128001691396435,0.315151868655589,-0.174226152598185
1050,3,9,188,81.145,66.735,14.392,0.0179999999999971,1,accepted,3,7,88,60,484567.751059248,4976643.25616069,0.128001545817001,0.315151989027784,-0.174234493685339
900,3,9,189,85.637,72.215,13.403,0.0189999999999966,1,accepted,3,6,94,64,484396.943446546,4976621.57080737,0.0816790516049394,0.372034793567822,0.739540565980606
260,2,10,190,71.954,56.787,15.148,0.019000000000009,1,accepted,3,8,82,57,484229.745914492,4977312.00889569,-1.34325727183373,0.210796655863734,-0.345699985780731
1050,1,10,191,82.148,65.662,16.464,0.0220000000000056,1,accepted,3,8,88,60,484567.751058829,4976643.25615888,0.128001691396435,0.315151868655589,-0.174226152598185
120,3,10,192,81.884,65.104,16.761,0.0189999999999984,1,accepted,3,7,104,81,484199.299781229,4977468.70877656,-1.10671518479332,0.239446809598065,-0.146652336086767
700,1,10,193,78.904,67.392,11.494,0.0179999999999989,1,accepted,3,6,86,57,484338.416353589,4976756.31467991,-1.68420922486605,0.144208480908875,0.0794579254189081
700,3,10,194,78.136,67.382,10.735,0.0190000000000055,1,accepted,3,5,86,57,484338.416344518,4976756.31468122,-1.68420950071304,0.144206564758083,0.0794421205501747
260,3,10,195,76.85,63.866,12.964,0.0200000000000014,1,accepted,3,7,82,57,484229.745907595,4977312.00889249,-1.34325590595235,0.210789908761945,-0.345621726542112
120,2,10,196,87.831,69.347,18.466,0.0179999999999936,1,accepted,3,8,104,81,484199.342133934,4977468.71786419,-1.10944198920551,0.273429262011006,-0.302886720463031
1050,2,10,197,81.602,65.88,15.703,0.018999999999993,1,accepted,3,8,88,60,484567.751062949,4976643.25617664,0.128000263306228,0.315153040535861,-0.174307976139793
550,3,10,198,80.498,67.675,12.778,0.0450000000000088,1,accepted,3,5,97,72,484318.963452627,4976932.61287761,-1.20165124874851,0.0991930287240532,0.446105851368959
550,2,10,199,89.61,73.84,15.752,0.0179999999999971,1,accepted,3,7,97,72,484318.963452939,4976932.6128778,-1.20165116555198,0.0991931485191926,0.446110618179081
350,1,10,200,70.678,56.297,14.363,0.0180000000000131,1,accepted,3,6,92,85,484253.513405994,4977184.32287283,-1.50048869217652,0.276825374009838,-0.0173390802822748
700,2,10,201,78.84,65.018,13.803,0.0189999999999895,1,accepted,3,7,86,57,484338.416346514,4976756.31468095,-1.684209439972,0.144207008372831,0.0794456007554339
900,2,10,202,87.431,72.002,15.411,0.0180000000000025,1,accepted,3,7,94,64,484396.943437749,4976621.57082473,0.0816785012024783,0.372025793942765,0.739509030242552
1050,3,10,203,83.356,69.16,14.179,0.0169999999999977,1,accepted,3,7,88,60,484567.751059248,4976643.25616069,0.128001545817001,0.315151989027784,-0.174234493685339
350,2,10,204,81.024,65.711,15.296,0.0170000000000012,1,accepted,3,7,92,85,484253.513400358,4977184.32287391,-1.50048899856276,0.276823541978382,-0.0173566349211564
900,3,10,205,87.12,73.623,13.478,0.0190000000000143,1,accepted,3,6,94,64,484396.943446546,4976621.57080737,0.0816790516049394,0.372034793567822,0.739540565980606
120,1,10,206,81.041,59.182,21.84,0.0190000000000019,1,accepted,3,8,104,81,484199.299792639,4977468.70878437,-1.1067148870627,0.239459868377493,-0.146635277378864
900,1,10,207,85.725,70.6,15.106,0.0190000000000001,1,accepted,3,7,94,64,484396.94345131,4976621.57081372,0.0816793185819688,0.372039482852971,0.739555862637615
550,1,10,208,83.66,69.238,14.403,0.0189999999999984,1,accepted,3,6,97,72,484318.963467551,4976932.61288377,-1.20165136270671,0.0991958565882764,0.446099322044919
350,3,10,209,79.225,65.598,13.609,0.0180000000000096,1,accepted,3,6,92,85,484253.513400443,4977184.32287184,-1.50048901351725,0.276821775887118,-0.0173574917498781
260,1,10,210,77.013,65.433,11.563,0.0169999999999977,1,accepted,3,6,82,57,484229.745904705,4977312.00888434,-1.34325585920898,0.210781690787584,-0.345619048344313
550,2,11,211,86.198,70.396,15.784,0.0179999999999936,1,accepted,3,7,97,72,484318.963452939,4976932.6128778,-1.20165116555198,0.0991931485191926,0.446110618179081
700,3,11,212,80.207,69.786,10.402,0.018999999999993,1,accepted,3,5,86,57,484338.416344518,4976756.31468122,-1.68420950071304,0.144206564758083,0.0794421205501747
550,1,11,213,86.88,72.752,14.11,0.0180000000000007,1,accepted,3,6,97,72,484318.963467551,4976932.61288377,-1.20165136270671,0.0991958565882764,0.446099322044919
700,1,11,214,85.242,73.519,11.707,0.0159999999999982,1,accepted,3,6,86,57,484338.416353589,4976756.31467991,-1.68420922486605,0.144208480908875,0.0794579254189081
260,2,11,215,76.187,62.08,14.089,0.018000000000006,1,accepted,3,8,82,57,484229.745914492,4977312.00889569,-1.34325727183373,0.210796655863734,-0.345699985780731
1050,3,11,216,93.91,75.805,18.084,0.0210000000000043,1,accepted,3,7,88,60,484567.751059248,4976643.25616069,0.128001545817001,0.315151989027784,-0.174234493685339
120,3,11,217,83.951,66.396,17.536,0.0189999999999948,1,accepted,3,7,104,81,484199.299781229,4977468.70877656,-1.10671518479332,0.239446809598065,-0.146652336086767
120,2,11,218,79.835,60.909,18.908,0.0180000000000078,1,accepted,3,8,104,81,484199.342133934,4977468.71786419,-1.10944198920551,0.273429262011006,-0.302886720463031
260,3,11,219,75.304,62.448,12.838,0.0180000000000078,1,accepted,3,7,82,57,484229.745907595,4977312.00889249,-1.34325590595235,0.210789908761945,-0.345621726542112
700,2,11,220,84.797,71.653,13.125,0.0190000000000055,1,accepted,3,7,86,57,484338.416346514,4976756.31468095,-1.684209439972,0.144207008372831,0.0794456007554339
1050,2,11,221,80.751,64.787,15.945,0.0190000000000126,1,accepted,3,8,88,60,484567.751062949,4976643.25617664,0.128000263306228,0.315153040535861,-0.174307976139793
1050,1,11,222,80.433,64.452,15.963,0.0180000000000078,1,accepted,3,8,88,60,484567.751058829,4976643.25615888,0.128001691396435,0.315151868655589,-0.174226152598185
120,1,11,223,80.606,61.474,19.113,0.0189999999999877,1,accepted,3,8,104,81,484199.299792639,4977468.70878437,-1.1067148870627,0.239459868377493,-0.146635277378864
900,2,11,224,86.391,71.143,15.23,0.01799999999999,1,accepted,3,7,94,64,484396.943437749,4976621.57082473,0.0816785012024783,0.372025793942765,0.739509030242552
350,2,11,225,74.228,58.547,15.663,0.0180000000000042,1,accepted,3,7,92,85,484253.513400358,4977184.32287391,-1.50048899856276,0.276823541978382,-0.0173566349211564
900,1,11,226,87.848,72.835,14.994,0.0190000000000055,1,accepted,3,7,94,64,484396.94345131,4976621.57081372,0.0816793185819688,0.372039482852971,0.739555862637615
550,3,11,227,91.102,78.536,12.548,0.0180000000000025,1,accepted,3,5,97,72,484318.963452627,4976932.61287761,-1.20165124874851,0.0991930287240532,0.446105851368959
260,1,11,228,69.013,57.156,11.84,0.0170000000000066,1,accepted,3,6,82,57,484229.745904705,4977312.00888434,-1.34325585920898,0.210781690787584,-0.345619048344313
350,1,11,229,70.178,56.243,13.918,0.0169999999999959,1,accepted,3,6,92,85,484253.513405994,4977184.32287283,-1.50048869217652,0.276825374009838,-0.0173390802822748
900,3,11,230,84.123,70.555,13.551,0.0169999999999977,1,accepted,3,6,94,64,484396.943446546,4976621.57080737,0.0816790516049394,0.372034793567822,0.739540565980606
350,3,11,231,71.267,57.602,13.647,0.0179999999999918,1,accepted,3,6,92,85,484253.513400443,4977184.32287184,-1.50048901351725,0.276821775887118,-0.0173574917498781
120,2,12,232,87.784,66.055,21.709,0.0199999999999996,1,accepted,3,8,104,81,484199.342133934,4977468.71786419,-1.10944198920551,0.273429262011006,-0.302886720463031
350,1,12,233,71.834,57.978,13.838,0.0179999999999882,1,accepted,3,6,92,85,484253.513405994,4977184.32287283,-1.50048869217652,0.276825374009838,-0.0173390802822748
260,2,12,234,76.555,62.45,14.086,0.0189999999999966,1,accepted,3,8,82,57,484229.745914492,4977312.00889569,-1.34325727183373,0.210796655863734,-0.345699985780731
350,2,12,235,77.967,61.829,16.121,0.0169999999999995,1,accepted,3,7,92,85,484253.513400358,4977184.32287391,-1.50048899856276,0.276823541978382,-0.0173566349211564
260,3,12,236,78.472,65.373,13.08,0.0189999999999895,1,accepted,3,7,82,57,484229.745907595,4977312.00889249,-1.34325590595235,0.210789908761945,-0.345621726542112
1050,2,12,237,81.151,65.41,15.723,0.0179999999999989,1,accepted,3,8,88,60,484567.751062949,4976643.25617664,0.128000263306228,0.315153040535861,-0.174307976139793
260,1,12,238,67.345,55.923,11.379,0.0429999999999975,1,accepted,3,6,82,57,484229.745904705,4977312.00888434,-1.34325585920898,0.210781690787584,-0.345619048344313
550,1,12,239,83.086,67.847,15.222,0.0169999999999906,1,accepted,3,6,97,72,484318.963467551,4976932.61288377,-1.20165136270671,0.0991958565882764,0.446099322044919
900,2,12,240,91.313,76.08,15.215,0.0180000000000042,1,accepted,3,7,94,64,484396.943437749,4976621.57082473,0.0816785012024783,0.372025793942765,0.739509030242552
550,2,12,241,85.904,68.899,16.986,0.0189999999999948,1,accepted,3,7,97,72,484318.963452939,4976932.6128778,-1.20165116555198,0.0991931485191926,0.446110618179081
120,3,12,242,87.011,68.365,18.622,0.0240000000000151,1,accepted,3,7,104,81,484199.299781229,4977468.70877656,-1.10671518479332,0.239446809598065,-0.146652336086767
700,2,12,243,79.59,66.616,12.954,0.0199999999999889,1,accepted,3,7,86,57,484338.416346514,4976756.31468095,-1.684209439972,0.144207008372831,0.0794456007554339
1050,3,12,244,79.702,65.551,14.133,0.0179999999999971,1,accepted,3,7,88,60,484567.751059248,4976643.25616069,0.128001545817001,0.315151989027784,-0.174234493685339
900,1,12,245,93.31,77.984,15.307,0.019000000000009,1,accepted,3,7,94,64,484396.94345131,4976621.57081372,0.0816793185819688,0.372039482852971,0.739555862637615
120,1,12,246,78.943,60.765,18.159,0.0189999999999948,1,accepted,3,8,104,81,484199.299792639,4977468.70878437,-1.1067148870627,0.239459868377493,-0.146635277378864
550,3,12,247,82.118,69.662,12.438,0.01799999999999,1,accepted,3,5,97,72,484318.963452627,4976932.61287761,-1.20165124874851,0.0991930287240532,0.446105851368959
1050,1,12,248,81.847,66.158,15.671,0.018000000000006,1,accepted,3,8,88,60,484567.751058829,4976643.25615888,0.128001691396435,0.315151868655589,-0.174226152598185
350,3,12,249,73.039,59.071,13.949,0.0190000000000037,1,accepted,3,6,92,85,484253.513400443,4977184.32287184,-1.50048901351725,0.276821775887118,-0.0173574917498781
900,3,12,250,85.704,72.22,13.468,0.0159999999999947,1,accepted,3,6,94,64,484396.943446546,4976621.57080737,0.0816790516049394,0.372034793567822,0.739540565980606
700,1,12,251,79.243,66.948,12.272,0.0230000000000015,1,accepted,3,6,86,57,484338.416353589,4976756.31467991,-1.68420922486605,0.144208480908875,0.0794579254189081
700,3,12,252,75.65,64.863,10.763,0.023999999999992,1,accepted,3,5,86,57,484338.416344518,4976756.31468122,-1.68420950071304,0.144206564758083,0.0794421205501747
900,3,13,253,97.745,83.109,14.614,0.0219999999999949,1,accepted,3,6,94,64,484396.943446546,4976621.57080737,0.0816790516049394,0.372034793567822,0.739540565980606
700,1,13,254,79.884,68.372,11.493,0.0190000000000001,1,accepted,3,6,86,57,484338.416353589,4976756.31467991,-1.68420922486605,0.144208480908875,0.0794579254189081
260,1,13,255,66.804,55.317,11.47,0.017000000000003,1,accepted,3,6,82,57,484229.745904705,4977312.00888434,-1.34325585920898,0.210781690787584,-0.345619048344313
120,2,13,256,81.836,59.634,22.18,0.0220000000000127,1,accepted,3,8,104,81,484199.342133934,4977468.71786419,-1.10944198920551,0.273429262011006,-0.302886720463031
260,2,13,257,75.733,61.557,14.157,0.0189999999999877,1,accepted,3,8,82,57,484229.745914492,4977312.00889569,-1.34325727183373,0.210796655863734,-0.345699985780731
700,2,13,258,83.146,69.99,13.137,0.0190000000000072,1,accepted,3,7,86,57,484338.416346514,4976756.31468095,-1.684209439972,0.144207008372831,0.0794456007554339
120,3,13,259,77.864,60.739,17.108,0.0169999999999995,1,accepted,3,7,104,81,484199.299781229,4977468.70877656,-1.10671518479332,0.239446809598065,-0.146652336086767
350,2,13,260,72.679,57.367,15.292,0.0199999999999836,1,accepted,3,7,92,85,484253.513400358,4977184.32287391,-1.50048899856276,0.276823541978382,-0.0173566349211564
120,1,13,261,82.424,62.42,19.985,0.0189999999999912,1,accepted,3,8,104,81,484199.299792639,4977468.70878437,-1.1067148870627,0.239459868377493,-0.146635277378864
900,2,13,262,87.861,72.904,14.933,0.0239999999999938,1,accepted,3,7,94,64,484396.943437749,4976621.57082473,0.0816785012024783,0.372025793942765,0.739509030242552
350,1,13,263,73.475,59.332,14.118,0.0249999999999932,1,accepted,3,6,92,85,484253.513405994,4977184.32287283,-1.50048869217652,0.276825374009838,-0.0173390802822748
550,2,13,264,87.511,71.744,15.747,0.0200000000000102,1,accepted,3,7,97,72,484318.963452939,4976932.6128778,-1.20165116555198,0.0991931485191926,0.446110618179081
260,3,13,265,70.261,57.349,12.895,0.0170000000000137,1,accepted,3,7,82,57,484229.745907595,4977312.00889249,-1.34325590595235,0.210789908761945,-0.345621726542112
350,3,13,266,72.371,58.57,13.783,0.0180000000000096,1,accepted,3,6,92,85,484253.513400443,4977184.32287184,-1.50048901351725,0.276821775887118,-0.0173574917498781
550,3,13,267,82.404,69.986,12.399,0.0190000000000055,1,accepted,3,5,97,72,484318.963452627,4976932.61287761,-1.20165124874851,0.0991930287240532,0.446105851368959
700,3,13,268,75.351,64.746,10.587,0.0180000000000042,1,accepted,3,5,86,57,484338.416344518,4976756.31468122,-1.68420950071304,0.144206564758083,0.0794421205501747
1050,3,13,269,76.85,62.686,14.146,0.0180000000000007,1,accepted,3,7,88,60,484567.751059248,4976643.25616069,0.128001545817001,0.315151989027784,-0.174234493685339
1050,2,13,270,76.443,61.051,15.374,0.0179999999999954,1,accepted,3,8,88,60,484567.751062949,4976643.25617664,0.128000263306228,0.315153040535861,-0.174307976139793
900,1,13,271,85.156,69.724,15.413,0.0190000000000019,1,accepted,3,7,94,64,484396.94345131,4976621.57081372,0.0816793185819688,0.372039482852971,0.739555862637615
550,1,13,272,83.703,69.557,14.127,0.0190000000000143,1,accepted,3,6,97,72,484318.963467551,4976932.61288377,-1.20165136270671,0.0991958565882764,0.446099322044919
1050,1,13,273,79.375,63.558,15.799,0.0179999999999918,1,accepted,3,8,88,60,484567.751058829,4976643.25615888,0.128001691396435,0.315151868655589,-0.174226152598185
120,3,14,274,83.175,66.005,17.151,0.0190000000000019,1,accepted,3,7,104,81,484199.299781229,4977468.70877656,-1.10671518479332,0.239446809598065,-0.146652336086767
700,1,14,275,82.323,70.776,11.528,0.0189999999999824,1,accepted,3,6,86,57,484338.416353589,4976756.31467991,-1.68420922486605,0.144208480908875,0.0794579254189081
350,3,14,276,71.989,58.426,13.544,0.0190000000000019,1,accepted,3,6,92,85,484253.513400443,4977184.32287184,-1.50048901351725,0.276821775887118,-0.0173574917498781
1050,3,14,277,78.969,64.661,14.292,0.0159999999999929,1,accepted,3,7,88,60,484567.751059248,4976643.25616069,0.128001545817001,0.315151989027784,-0.174234493685339
700,3,14,278,74.067,63.559,10.49,0.01799999999999,1,accepted,3,5,86,57,484338.416344518,4976756.31468122,-1.68420950071304,0.144206564758083,0.0794421205501747
900,2,14,279,86.629,70.657,15.955,0.0169999999999941,1,accepted,3,7,94,64,484396.943437749,4976621.57082473,0.0816785012024783,0.372025793942765,0.739509030242552
350,2,14,280,72.572,57.342,15.212,0.0180000000000042,1,accepted,3,7,92,85,484253.513400358,4977184.32287391,-1.50048899856276,0.276823541978382,-0.0173566349211564
550,2,14,281,84.925,68.945,15.962,0.01799999999999,1,accepted,3,7,97,72,484318.963452939,4976932.6128778,-1.20165116555198,0.0991931485191926,0.446110618179081
900,1,14,282,87.276,72.237,15.019,0.0200000000000156,1,accepted,3,7,94,64,484396.94345131,4976621.57081372,0.0816793185819688,0.372039482852971,0.739555862637615
550,1,14,283,87.559,73.138,14.402,0.0190000000000072,1,accepted,3,6,97,72,484318.963467551,4976932.61288377,-1.20165136270671,0.0991958565882764,0.446099322044919
260,2,14,284,73.73,58.932,14.778,0.0200000000000102,1,accepted,3,8,82,57,484229.745914492,4977312.00889569,-1.34325727183373,0.210796655863734,-0.345699985780731
120,2,14,285,79.384,60.098,19.268,0.0180000000000007,1,accepted,3,8,104,81,484199.342133934,4977468.71786419,-1.10944198920551,0.273429262011006,-0.302886720463031
900,3,14,286,85.655,72.393,13.244,0.0180000000000007,1,accepted,3,6,94,64,484396.943446546,4976621.57080737,0.0816790516049394,0.372034793567822,0.739540565980606
1050,1,14,287,77.906,62.076,15.813,0.0170000000000048,1,accepted,3,8,88,60,484567.751058829,4976643.25615888,0.128001691396435,0.315151868655589,-0.174226152598185
120,1,14,288,78.481,60.387,18.077,0.0169999999999959,1,accepted,3,8,104,81,484199.299792639,4977468.70878437,-1.1067148870627,0.239459868377493,-0.146635277378864
1050,2,14,289,82.095,65.432,16.638,0.024999999999995,1,accepted,3,8,88,60,484567.751062949,4976643.25617664,0.128000263306228,0.315153040535861,-0.174307976139793
550,3,14,290,87.45,73.018,14.406,0.0260000000000016,1,accepted,3,5,97,72,484318.963452627,4976932.61287761,-1.20165124874851,0.0991930287240532,0.446105851368959
260,3,14,291,91.282,78.273,12.988,0.0210000000000008,1,accepted,3,7,82,57,484229.745907595,4977312.00889249,-1.34325590595235,0.210789908761945,-0.345621726542112
350,1,14,292,74.55,60.763,13.77,0.0170000000000137,1,accepted,3,6,92,85,484253.513405994,4977184.32287283,-1.50048869217652,0.276825374009838,-0.0173390802822748
700,2,14,293,83.478,68.587,14.866,0.0250000000000039,1,accepted,3,7,86,57,484338.416346514,4976756.31468095,-1.684209439972,0.144207008372831,0.0794456007554339
260,1,14,294,67.879,56.188,11.674,0.0169999999999888,1,accepted,3,6,82,57,484229.745904705,4977312.00888434,-1.34325585920898,0.210781690787584,-0.345619048344313
120,1,15,295,82.673,61.083,21.571,0.0190000000000019,1,accepted,3,8,104,81,484199.299792639,4977468.70878437,-1.1067148870627,0.239459868377493,-0.146635277378864
120,3,15,296,78.145,58.713,19.414,0.0180000000000078,1,accepted,3,7,104,81,484199.299781229,4977468.70877656,-1.10671518479332,0.239446809598065,-0.146652336086767
1050,1,15,297,82.482,65.42,17.045,0.0169999999999959,1,accepted,3,8,88,60,484567.751058829,4976643.25615888,0.128001691396435,0.315151868655589,-0.174226152598185
260,1,15,298,72.348,60.922,11.406,0.0200000000000031,1,accepted,3,6,82,57,484229.745904705,4977312.00888434,-1.34325585920898,0.210781690787584,-0.345619048344313
700,3,15,299,77.81,67.326,10.465,0.019000000000009,1,accepted,3,5,86,57,484338.416344518,4976756.31468122,-1.68420950071304,0.144206564758083,0.0794421205501747
1050,3,15,300,84.686,70.608,14.059,0.0189999999999877,1,accepted,3,7,88,60,484567.751059248,4976643.25616069,0.128001545817001,0.315151989027784,-0.174234493685339
1050,2,15,301,83.848,67.787,16.042,0.0189999999999912,1,accepted,3,8,88,60,484567.751062949,4976643.25617664,0.128000263306228,0.315153040535861,-0.174307976139793
260,3,15,302,75.039,62.227,12.794,0.0180000000000042,1,accepted,3,7,82,57,484229.745907595,4977312.00889249,-1.34325590595235,0.210789908761945,-0.345621726542112
700,2,15,303,82.19,69.125,13.047,0.0179999999999989,1,accepted,3,7,86,57,484338.416346514,4976756.31468095,-1.684209439972,0.144207008372831,0.0794456007554339
260,2,15,304,78.634,64.544,14.073,0.0169999999999888,1,accepted,3,8,82,57,484229.745914492,4977312.00889569,-1.34325727183373,0.210796655863734,-0.345699985780731
900,1,15,305,93.131,78.077,15.035,0.0190000000000019,1,accepted,3,7,94,64,484396.94345131,4976621.57081372,0.0816793185819688,0.372039482852971,0.739555862637615
900,2,15,306,91.43,76.28,15.133,0.0169999999999906,1,accepted,3,7,94,64,484396.943437749,4976621.57082473,0.0816785012024783,0.372025793942765,0.739509030242552
550,1,15,307,81.87,67.543,14.308,0.0189999999999984,1,accepted,3,6,97,72,484318.963467551,4976932.61288377,-1.20165136270671,0.0991958565882764,0.446099322044919
550,2,15,308,83.861,67.962,15.882,0.0170000000000154,1,accepted,3,7,97,72,484318.963452939,4976932.6128778,-1.20165116555198,0.0991931485191926,0.446110618179081
350,1,15,309,77.259,62.886,14.353,0.0200000000000049,1,accepted,3,6,92,85,484253.513405994,4977184.32287283,-1.50048869217652,0.276825374009838,-0.0173390802822748
120,2,15,310,80.594,61.163,19.411,0.0199999999999889,1,accepted,3,8,104,81,484199.342133934,4977468.71786419,-1.10944198920551,0.273429262011006,-0.302886720463031
350,2,15,311,73.109,57.464,15.628,0.0169999999999959,1,accepted,3,7,92,85,484253.513400358,4977184.32287391,-1.50048899856276,0.276823541978382,-0.0173566349211564
550,3,15,312,84.155,71.524,12.612,0.0189999999999859,1,accepted,3,5,97,72,484318.963452627,4976932.61287761,-1.20165124874851,0.0991930287240532,0.446105851368959
700,1,15,313,90.049,75.283,14.746,0.0200000000000049,1,accepted,3,6,86,57,484338.416353589,4976756.31467991,-1.68420922486605,0.144208480908875,0.0794579254189081
900,3,15,314,88.422,74.633,13.77,0.0189999999999877,1,accepted,3,6,94,64,484396.943446546,4976621.57080737,0.0816790516049394,0.372034793567822,0.739540565980606
350,3,15,315,70.628,56.567,14.044,0.0170000000000012,1,accepted,3,6,92,85,484253.513400443,4977184.32287184,-1.50048901351725,0.276821775887118,-0.0173574917498781
1050,1,16,316,79.79,63.769,16.003,0.0180000000000007,1,accepted,3,8,88,60,484567.751058829,4976643.25615888,0.128001691396435,0.315151868655589,-0.174226152598185
260,2,16,317,74.59,60.194,14.378,0.0180000000000078,1,accepted,3,8,82,57,484229.745914492,4977312.00889569,-1.34325727183373,0.210796655863734,-0.345699985780731
1050,3,16,318,78.649,64.092,14.537,0.0200000000000031,1,accepted,3,7,88,60,484567.751059248,4976643.25616069,0.128001545817001,0.315151989027784,-0.174234493685339
550,2,16,319,90.057,73.997,16.039,0.0210000000000008,1,accepted,3,7,97,72,484318.963452939,4976932.6128778,-1.20165116555198,0.0991931485191926,0.446110618179081
700,1,16,320,77.837,65.974,11.833,0.0299999999999994,1,accepted,3,6,86,57,484338.416353589,4976756.31467991,-1.68420922486605,0.144208480908875,0.0794579254189081
1050,2,16,321,78.39,62.252,16.119,0.0189999999999984,1,accepted,3,8,88,60,484567.751062949,4976643.25617664,0.128000263306228,0.315153040535861,-0.174307976139793
120,2,16,322,87.806,69.215,18.572,0.0189999999999912,1,accepted,3,8,104,81,484199.342133934,4977468.71786419,-1.10944198920551,0.273429262011006,-0.302886720463031
550,3,16,323,81.915,69.077,12.819,0.0190000000000072,1,accepted,3,5,97,72,484318.963452627,4976932.61287761,-1.20165124874851,0.0991930287240532,0.446105851368959
900,2,16,324,90.462,75.566,14.878,0.0180000000000149,1,accepted,3,7,94,64,484396.943437749,4976621.57082473,0.0816785012024783,0.372025793942765,0.739509030242552
120,3,16,325,87.87,68.222,19.613,0.0349999999999966,1,accepted,3,7,104,81,484199.299781229,4977468.70877656,-1.10671518479332,0.239446809598065,-0.146652336086767
120,1,16,326,84.7,65.09,19.578,0.0320000000000107,1,accepted,3,8,104,81,484199.299792639,4977468.70878437,-1.1067148870627,0.239459868377493,-0.146635277378864
700,2,16,327,87.281,68.276,18.976,0.0289999999999822,1,accepted,3,7,86,57,484338.416346514,4976756.31468095,-1.684209439972,0.144207008372831,0.0794456007554339
900,1,16,328,97.427,82.505,14.904,0.0180000000000113,1,accepted,3,7,94,64,484396.94345131,4976621.57081372,0.0816793185819688,0.372039482852971,0.739555862637615
700,3,16,329,77.94,67.373,10.549,0.0179999999999936,1,accepted,3,5,86,57,484338.416344518,4976756.31468122,-1.68420950071304,0.144206564758083,0.0794421205501747
260,3,16,330,74.248,61.085,13.144,0.0189999999999895,1,accepted,3,7,82,57,484229.745907595,4977312.00889249,-1.34325590595235,0.210789908761945,-0.345621726542112
350,1,16,331,70.845,56.128,14.697,0.0199999999999996,1,accepted,3,6,92,85,484253.513405994,4977184.32287283,-1.50048869217652,0.276825374009838,-0.0173390802822748
550,1,16,332,84.31,69.859,14.434,0.0169999999999924,1,accepted,3,6,97,72,484318.963467551,4976932.61288377,-1.20165136270671,0.0991958565882764,0.446099322044919
900,3,16,333,92.291,78.83,13.443,0.0179999999999989,1,accepted,3,6,94,64,484396.943446546,4976621.57080737,0.0816790516049394,0.372034793567822,0.739540565980606
350,2,16,334,75.387,60.313,15.057,0.0170000000000066,1,accepted,3,7,92,85,484253.513400358,4977184.32287391,-1.50048899856276,0.276823541978382,-0.0173566349211564
260,1,16,335,71.575,60.215,11.344,0.0160000000000071,1,accepted,3,6,82,57,484229.745904705,4977312.00888434,-1.34325585920898,0.210781690787584,-0.345619048344313
350,3,16,336,76.687,62.479,14.191,0.0170000000000119,1,accepted,3,6,92,85,484253.513400443,4977184.32287184,-1.50048901351725,0.276821775887118,-0.0173574917498781
120,1,17,337,80.328,59.704,20.606,0.0180000000000042,1,accepted,3,8,104,81,484199.299792639,4977468.70878437,-1.1067148870627,0.239459868377493,-0.146635277378864
700,1,17,338,77.209,64.997,12.19,0.0220000000000038,1,accepted,3,6,86,57,484338.416353589,4976756.31467991,-1.68420922486605,0.144208480908875,0.0794579254189081
700,3,17,339,74.235,63.693,10.523,0.0190000000000019,1,accepted,3,5,86,57,484338.416344518,4976756.31468122,-1.68420950071304,0.144206564758083,0.0794421205501747
550,3,17,340,83.551,70.403,13.13,0.0180000000000113,1,accepted,3,5,97,72,484318.963452627,4976932.61287761,-1.20165124874851,0.0991930287240532,0.446105851368959
120,2,17,341,81.884,61.643,20.223,0.0179999999999971,1,accepted,3,8,104,81,484199.342133934,4977468.71786419,-1.10944198920551,0.273429262011006,-0.302886720463031
700,2,17,342,80.237,66.617,13.602,0.0180000000000184,1,accepted,3,7,86,57,484338.416346514,4976756.31468095,-1.684209439972,0.144207008372831,0.0794456007554339
1050,3,17,343,79.016,64.241,14.758,0.0170000000000048,1,accepted,3,7,88,60,484567.751059248,4976643.25616069,0.128001545817001,0.315151989027784,-0.174234493685339
350,1,17,344,70.019,56.221,13.781,0.016999999999987,1,accepted,3,6,92,85,484253.513405994,4977184.32287283,-1.50048869217652,0.276825374009838,-0.0173390802822748
1050,1,17,345,79.465,63.829,15.618,0.0179999999999954,1,accepted,3,8,88,60,484567.751058829,4976643.25615888,0.128001691396435,0.315151868655589,-0.174226152598185
900,2,17,346,88.559,73.624,14.92,0.0150000000000023,1,accepted,3,7,94,64,484396.943437749,4976621.57082473,0.0816785012024783,0.372025793942765,0.739509030242552
900,1,17,347,85.534,69.984,15.533,0.0169999999999835,1,accepted,3,7,94,64,484396.94345131,4976621.57081372,0.0816793185819688,0.372039482852971,0.739555862637615
350,3,17,348,75.744,61.556,14.171,0.017000000000003,1,accepted,3,6,92,85,484253.513400443,4977184.32287184,-1.50048901351725,0.276821775887118,-0.0173574917498781
550,1,17,349,87.939,73.008,14.912,0.0189999999999984,1,accepted,3,6,97,72,484318.963467551,4976932.61288377,-1.20165136270671,0.0991958565882764,0.446099322044919
120,3,17,350,81.267,64.417,16.833,0.0170000000000066,1,accepted,3,7,104,81,484199.299781229,4977468.70877656,-1.10671518479332,0.239446809598065,-0.146652336086767
1050,2,17,351,79.78,64.036,15.725,0.0190000000000001,1,accepted,3,8,88,60,484567.751062949,4976643.25617664,0.128000263306228,0.315153040535861,-0.174307976139793
900,3,17,352,88.094,74.657,13.419,0.0180000000000113,1,accepted,3,6,94,64,484396.943446546,4976621.57080737,0.0816790516049394,0.372034793567822,0.739540565980606
260,3,17,353,71.128,58.335,12.774,0.0189999999999984,1,accepted,3,7,82,57,484229.745907595,4977312.00889249,-1.34325590595235,0.210789908761945,-0.345621726542112
260,2,17,354,72.566,57.791,14.748,0.0269999999999975,1,accepted,3,8,82,57,484229.745914492,4977312.00889569,-1.34325727183373,0.210796655863734,-0.345699985780731
350,2,17,355,76.608,61.389,15.2,0.0189999999999948,1,accepted,3,7,92,85,484253.513400358,4977184.32287391,-1.50048899856276,0.276823541978382,-0.0173566349211564
550,2,17,356,84.402,68.629,15.755,0.0180000000000096,1,accepted,3,7,97,72,484318.963452939,4976932.6128778,-1.20165116555198,0.0991931485191926,0.446110618179081
260,1,17,357,71.931,59.148,12.767,0.016,1,accepted,3,6,82,57,484229.745904705,4977312.00888434,-1.34325585920898,0.210781690787584,-0.345619048344313
260,2,18,358,72.941,55.939,16.983,0.0190000000000019,1,accepted,3,8,82,57,484229.745914492,4977312.00889569,-1.34325727183373,0.210796655863734,-0.345699985780731
700,2,18,359,80.226,67.097,13.111,0.0179999999999918,1,accepted,3,7,86,57,484338.416346514,4976756.31468095,-1.684209439972,0.144207008372831,0.0794456007554339
120,3,18,360,81.181,62.834,18.329,0.0179999999999936,1,accepted,3,7,104,81,484199.299781229,4977468.70877656,-1.10671518479332,0.239446809598065,-0.146652336086767
550,1,18,361,84.459,69.565,14.875,0.0190000000000055,1,accepted,3,6,97,72,484318.963467551,4976932.61288377,-1.20165136270671,0.0991958565882764,0.446099322044919
260,1,18,362,73.133,61.154,11.961,0.0180000000000078,1,accepted,3,6,82,57,484229.745904705,4977312.00888434,-1.34325585920898,0.210781690787584,-0.345619048344313
1050,2,18,363,88.506,72.601,15.887,0.0180000000000025,1,accepted,3,8,88,60,484567.751062949,4976643.25617664,0.128000263306228,0.315153040535861,-0.174307976139793
1050,3,18,364,79.864,64.577,15.267,0.0200000000000067,1,accepted,3,7,88,60,484567.751059248,4976643.25616069,0.128001545817001,0.315151989027784,-0.174234493685339
700,1,18,365,92.405,80.294,12.092,0.0189999999999895,1,accepted,3,6,86,57,484338.416353589,4976756.31467991,-1.68420922486605,0.144208480908875,0.0794579254189081
350,2,18,366,78.119,62.633,15.468,0.0180000000000042,1,accepted,3,7,92,85,484253.513400358,4977184.32287391,-1.50048899856276,0.276823541978382,-0.0173566349211564
260,3,18,367,68.983,56.239,12.726,0.0180000000000078,1,accepted,3,7,82,57,484229.745907595,4977312.00889249,-1.34325590595235,0.210789908761945,-0.345621726542112
350,1,18,368,68.997,55.298,13.676,0.0229999999999979,1,accepted,3,6,92,85,484253.513405994,4977184.32287283,-1.50048869217652,0.276825374009838,-0.0173390802822748
120,1,18,369,83.736,61.919,21.797,0.0199999999999996,1,accepted,3,8,104,81,484199.299792639,4977468.70878437,-1.1067148870627,0.239459868377493,-0.146635277378864
900,1,18,370,87.589,72.342,15.228,0.0190000000000001,1,accepted,3,7,94,64,484396.94345131,4976621.57081372,0.0816793185819688,0.372039482852971,0.739555862637615
120,2,18,371,81.905,61.374,20.512,0.0190000000000055,1,accepted,3,8,104,81,484199.342133934,4977468.71786419,-1.10944198920551,0.273429262011006,-0.302886720463031
900,2,18,372,86.742,71.936,14.789,0.0169999999999977,1,accepted,3,7,94,64,484396.943437749,4976621.57082473,0.0816785012024783,0.372025793942765,0.739509030242552
550,3,18,373,84.212,71.343,12.85,0.0189999999999859,1,accepted,3,5,97,72,484318.963452627,4976932.61287761,-1.20165124874851,0.0991930287240532,0.446105851368959
1050,1,18,374,83.493,67.938,15.538,0.0169999999999924,1,accepted,3,8,88,60,484567.751058829,4976643.25615888,0.128001691396435,0.315151868655589,-0.174226152598185
900,3,18,375,87.799,73.926,13.855,0.018000000000006,1,accepted,3,6,94,64,484396.943446546,4976621.57080737,0.0816790516049394,0.372034793567822,0.739540565980606
350,3,18,376,72.882,58.687,14.178,0.0170000000000012,1,accepted,3,6,92,85,484253.513400443,4977184.32287184,-1.50048901351725,0.276821775887118,-0.0173574917498781
700,3,18,377,79.094,67.887,11.19,0.0169999999999941,1,accepted,3,5,86,57,484338.416344518,4976756.31468122,-1.68420950071304,0.144206564758083,0.0794421205501747
550,2,18,378,86.897,71.196,15.683,0.0180000000000078,1,accepted,3,7,97,72,484318.963452939,4976932.6128778,-1.20165116555198,0.0991931485191926,0.446110618179081
900,3,19,379,84.776,71.187,13.571,0.0180000000000131,1,accepted,3,6,94,64,484396.943446546,4976621.57080737,0.0816790516049394,0.372034793567822,0.739540565980606
120,1,19,380,80.524,62.018,18.487,0.019000000000009,1,accepted,3,8,104,81,484199.299792639,4977468.70878437,-1.1067148870627,0.239459868377493,-0.146635277378864
700,3,19,381,83.144,72.744,10.383,0.0169999999999924,1,accepted,3,5,86,57,484338.416344518,4976756.31468122,-1.68420950071304,0.144206564758083,0.0794421205501747
120,2,19,382,85.535,64.008,21.509,0.0180000000000007,1,accepted,3,8,104,81,484199.342133934,4977468.71786419,-1.10944198920551,0.273429262011006,-0.302886720463031
700,1,19,383,75.271,63.64,11.613,0.0180000000000007,1,accepted,3,6,86,57,484338.416353589,4976756.31467991,-1.68420922486605,0.144208480908875,0.0794579254189081
700,2,19,384,77.495,63.511,13.966,0.0179999999999954,1,accepted,3,7,86,57,484338.416346514,4976756.31468095,-1.684209439972,0.144207008372831,0.0794456007554339
350,2,19,385,75.297,59.02,16.261,0.0159999999999911,1,accepted,3,7,92,85,484253.513400358,4977184.32287391,-1.50048899856276,0.276823541978382,-0.0173566349211564
900,2,19,386,87.582,72.693,14.869,0.019999999999996,1,accepted,3,7,94,64,484396.943437749,4976621.57082473,0.0816785012024783,0.372025793942765,0.739509030242552
1050,2,19,387,79.782,63.834,15.929,0.019000000000009,1,accepted,3,8,88,60,484567.751062949,4976643.25617664,0.128000263306228,0.315153040535861,-0.174307976139793
260,2,19,388,72.954,58.545,14.391,0.018000000000006,1,accepted,3,8,82,57,484229.745914492,4977312.00889569,-1.34325727183373,0.210796655863734,-0.345699985780731
550,3,19,389,82.342,69.689,12.634,0.018999999999993,1,accepted,3,5,97,72,484318.963452627,4976932.61287761,-1.20165124874851,0.0991930287240532,0.446105851368959
260,3,19,390,77.335,64.51,12.807,0.0180000000000167,1,accepted,3,7,82,57,484229.745907595,4977312.00889249,-1.34325590595235,0.210789908761945,-0.345621726542112
1050,3,19,391,80.501,65.565,14.919,0.0170000000000066,1,accepted,3,7,88,60,484567.751059248,4976643.25616069,0.128001545817001,0.315151989027784,-0.174234493685339
350,3,19,392,70.873,56.478,14.377,0.0180000000000042,1,accepted,3,6,92,85,484253.513400443,4977184.32287184,-1.50048901351725,0.276821775887118,-0.0173574917498781
120,3,19,393,78.388,61.753,16.618,0.017000000000003,1,accepted,3,7,104,81,484199.299781229,4977468.70877656,-1.10671518479332,0.239446809598065,-0.146652336086767
260,1,19,394,70.908,59.339,11.551,0.0179999999999954,1,accepted,3,6,82,57,484229.745904705,4977312.00888434,-1.34325585920898,0.210781690787584,-0.345619048344313
1050,1,19,395,83.963,67.679,16.264,0.0199999999999925,1,accepted,3,8,88,60,484567.751058829,4976643.25615888,0.128001691396435,0.315151868655589,-0.174226152598185
350,1,19,396,73.747,59.935,13.795,0.0169999999999977,1,accepted,3,6,92,85,484253.513405994,4977184.32287283,-1.50048869217652,0.276825374009838,-0.0173390802822748
900,1,19,397,87.854,71.843,15.986,0.024999999999995,1,accepted,3,7,94,64,484396.94345131,4976621.57081372,0.0816793185819688,0.372039482852971,0.739555862637615
550,1,19,398,84.7,70.006,14.673,0.0210000000000026,1,accepted,3,6,97,72,484318.963467551,4976932.61288377,-1.20165136270671,0.0991958565882764,0.446099322044919
550,2,19,399,85.674,69.09,16.567,0.017000000000003,1,accepted,3,7,97,72,484318.963452939,4976932.6128778,-1.20165116555198,0.0991931485191926,0.446110618179081
700,2,20,400,79.102,65.826,13.258,0.0180000000000096,1,accepted,3,7,86,57,484338.416346514,4976756.31468095,-1.684209439972,0.144207008372831,0.0794456007554339
260,2,20,401,72.738,58.364,14.357,0.017000000000003,1,accepted,3,8,82,57,484229.745914492,4977312.00889569,-1.34325727183373,0.210796655863734,-0.345699985780731
260,3,20,402,79.771,65.307,14.444,0.0199999999999978,1,accepted,3,7,82,57,484229.745907595,4977312.00889249,-1.34325590595235,0.210789908761945,-0.345621726542112
550,1,20,403,90.286,75.945,14.322,0.019000000000009,1,accepted,3,6,97,72,484318.963467551,4976932.61288377,-1.20165136270671,0.0991958565882764,0.446099322044919
550,3,20,404,79.485,66.895,12.574,0.0160000000000036,1,accepted,3,5,97,72,484318.963452627,4976932.61287761,-1.20165124874851,0.0991930287240532,0.446105851368959
1050,3,20,405,82.166,67.821,14.328,0.0169999999999835,1,accepted,3,7,88,60,484567.751059248,4976643.25616069,0.128001545817001,0.315151989027784,-0.174234493685339
350,1,20,406,71.44,57.361,14.06,0.0189999999999948,1,accepted,3,6,92,85,484253.513405994,4977184.32287283,-1.50048869217652,0.276825374009838,-0.0173390802822748
900,3,20,407,83.669,70.116,13.535,0.0179999999999971,1,accepted,3,6,94,64,484396.943446546,4976621.57080737,0.0816790516049394,0.372034793567822,0.739540565980606
1050,1,20,408,80.248,64.311,15.915,0.0220000000000127,1,accepted,3,8,88,60,484567.751058829,4976643.25615888,0.128001691396435,0.315151868655589,-0.174226152598185
1050,2,20,409,77.062,61.571,15.474,0.0170000000000137,1,accepted,3,8,88,60,484567.751062949,4976643.25617664,0.128000263306228,0.315153040535861,-0.174307976139793
120,2,20,410,84.506,64.369,20.12,0.017000000000003,1,accepted,3,8,104,81,484199.342133934,4977468.71786419,-1.10944198920551,0.273429262011006,-0.302886720463031
700,1,20,411,76.468,64.537,11.912,0.0189999999999966,1,accepted,3,6,86,57,484338.416353589,4976756.31467991,-1.68420922486605,0.144208480908875,0.0794579254189081
350,3,20,412,71.006,57.367,13.622,0.0169999999999959,1,accepted,3,6,92,85,484253.513400443,4977184.32287184,-1.50048901351725,0.276821775887118,-0.0173574917498781
700,3,20,413,76.614,65.645,10.945,0.024000000000008,1,accepted,3,5,86,57,484338.416344518,4976756.31468122,-1.68420950071304,0.144206564758083,0.0794421205501747
550,2,20,414,87.996,71.585,16.391,0.0200000000000173,1,accepted,3,7,97,72,484318.963452939,4976932.6128778,-1.20165116555198,0.0991931485191926,0.446110618179081
350,2,20,415,75.954,60.238,15.698,0.0179999999999936,1,accepted,3,7,92,85,484253.513400358,4977184.32287391,-1.50048899856276,0.276823541978382,-0.0173566349211564
900,2,20,416,91.846,76.756,15.072,0.0180000000000025,1,accepted,3,7,94,64,484396.943437749,4976621.57082473,0.0816785012024783,0.372025793942765,0.739509030242552
120,1,20,417,80.65,61.5,19.129,0.0210000000000043,1,accepted,3,8,104,81,484199.299792639,4977468.70878437,-1.1067148870627,0.239459868377493,-0.146635277378864
900,1,20,418,88.371,72.87,15.48,0.0210000000000043,1,accepted,3,7,94,64,484396.94345131,4976621.57081372,0.0816793185819688,0.372039482852971,0.739555862637615
260,1,20,419,74.249,62.571,11.66,0.01799999999999,1,accepted,3,6,82,57,484229.745904705,4977312.00888434,-1.34325585920898,0.210781690787584,-0.345619048344313
120,3,20,420,86.433,67.974,18.441,0.01799999999999,1,accepted,3,7,104,81,484199.299781229,4977468.70877656,-1.10671518479332,0.239446809598065,-0.146652336086767
